,postal_code,Total population,Sex ratio (males per 100 females),Median age (years),White,Black or African American,American Indian and Alaska Native,Asian,Native Hawaiian and Other Pacific Islander,Some other race,Two or more races,Total housing units
4,10001,24117,102.1,36.9,15677,1510,16,5377,21,799,717,14746
8,10002,74479,88.6,44.3,23849,6635,724,31198,22,8924,3127,35921
12,10003,53977,99.8,32.5,40681,3007,81,7812,73,1155,1168,30931
16,10004,3335,75.2,37.4,2033,142,0,992,17,35,116,2264
20,10005,8701,89.5,30.3,6532,94,0,1543,0,217,315,5889
24,10006,3092,90.3,33.9,2272,99,0,496,0,73,152,2329
28,10007,7408,127,35.1,5762,610,0,777,0,106,153,3432
32,10009,58293,88.1,37,35918,5027,70,8287,12,6739,2240,31458
36,10010,35906,106.6,35.2,24991,3367,0,5903,0,681,964,18875
40,10011,49949,105.1,41.4,40234,2216,73,4387,5,1433,1601,33984
44,10012,23318,91.4,34.1,17168,625,0,4249,0,471,805,14211
48,10013,28799,96.8,37.9,16716,1097,91,9049,0,748,1098,14347
52,10014,30344,97,37.6,26983,423,0,1464,0,300,1174,21261
56,10016,52886,92.1,32.7,38010,2035,126,10743,25,619,1328,35200
60,10017,15846,85,39.6,11765,314,0,3373,0,153,241,12593
64,10018,8806,119.3,33.2,5242,462,17,2461,0,299,325,5540
68,10019,45498,110.3,38.3,30408,2738,362,8695,46,1753,1496,33354
72,10020,0,0,0,0,0,0,0,0,0,0,0
76,10021,44280,86.1,43.5,37414,294,168,3802,92,1356,1154,30246
80,10022,31130,83.3,46.2,25922,469,77,3752,0,232,678,24266
84,10023,62541,78.7,43.3,49293,2909,67,6543,0,2310,1419,41353
88,10024,58102,78.6,43.7,47847,2452,176,4622,0,1547,1458,34221
92,10025,92251,84.1,41.4,61064,10669,85,8936,13,7430,4054,48058
96,10026,38585,88.7,35.6,10813,19771,74,2424,34,3612,1857,17102
100,10027,64988,84.7,31.1,20745,24515,397,6150,5,9954,3222,26629
104,10028,46768,75,38.8,40185,715,0,4591,0,450,827,28499
108,10029,76713,84.1,35.9,26750,25098,489,7060,110,14685,2521,34488
112,10030,31060,77.3,35.4,5093,19309,29,705,101,4061,1762,13963
116,10031,59586,101.7,34.5,18726,16699,272,2488,60,11678,9663,23795
120,10032,63214,99.6,34.6,18365,12081,454,2894,92,22944,6384,22769
124,10033,58349,99.4,35.7,23981,6036,674,1361,0,20899,5398,21063
128,10034,42399,85.9,36.7,16732,5899,92,1238,104,16052,2282,16746
132,10035,36048,100.8,36.1,7552,14481,196,1504,25,10827,1463,15475
136,10036,28487,122.6,37.6,18084,2179,159,5208,13,1872,972,20851
140,10037,20462,81.7,36.1,2083,14573,68,571,8,2178,981,10770
144,10038,23311,90.7,36.1,12375,2174,59,6940,0,597,1166,12030
148,10039,27854,80.8,35.1,3949,17411,123,443,10,4329,1589,12050
152,10040,44800,84.2,37.8,16490,4414,392,1336,0,19036,3132,17433
156,10044,12440,97.6,41.6,5341,1567,0,4264,0,574,694,5407
160,10065,29530,81,38.9,24847,690,9,3384,0,162,438,21350
164,10069,6051,87.3,36.3,3814,228,0,1775,0,0,234,4068
168,10075,22252,83.2,45.6,18404,705,284,1359,0,766,734,13323
172,10103,0,0,0,0,0,0,0,0,0,0,0
176,10110,0,0,0,0,0,0,0,0,0,0,0
180,10111,0,0,0,0,0,0,0,0,0,0,0
184,10112,0,0,0,0,0,0,0,0,0,0,0
188,10115,0,0,0,0,0,0,0,0,0,0,0
192,10119,0,0,0,0,0,0,0,0,0,0,0
196,10128,58636,75,39.3,46471,2090,24,5810,0,1852,2389,34746
200,10152,0,0,0,0,0,0,0,0,0,0,0
204,10153,0,0,0,0,0,0,0,0,0,0,0
208,10154,0,0,0,0,0,0,0,0,0,0,0
212,10162,1486,82.1,38.9,1365,0,0,72,0,0,49,837
216,10165,0,0,0,0,0,0,0,0,0,0,0
220,10167,0,0,0,0,0,0,0,0,0,0,0
224,10168,0,0,0,0,0,0,0,0,0,0,0
228,10169,0,0,0,0,0,0,0,0,0,0,0
232,10170,0,0,0,0,0,0,0,0,0,0,0
236,10171,0,0,0,0,0,0,0,0,0,0,0
240,10172,0,0,0,0,0,0,0,0,0,0,0
244,10173,0,0,0,0,0,0,0,0,0,0,0
248,10174,0,0,0,0,0,0,0,0,0,0,0
252,10177,0,0,0,0,0,0,0,0,0,0,0
256,10199,0,0,0,0,0,0,0,0,0,0,0
260,10271,0,0,0,0,0,0,0,0,0,0,0
264,10278,0,0,0,0,0,0,0,0,0,0,0
268,10279,42,75,0,42,0,0,0,0,0,0,88
272,10280,9496,107.2,38.9,7136,254,93,1570,0,8,435,5278
276,10282,5783,100.1,36.1,4368,57,0,1150,0,14,194,2772
280,10301,38280,92.6,39.3,23029,9022,56,2421,9,1976,1767,16518
284,10302,18037,107,35,10537,3964,228,1700,19,1069,520,6966
288,10303,27401,97.5,32.4,12825,9393,33,2118,0,2195,837,9334
292,10304,41112,99.2,38.7,21030,11921,101,4550,40,2859,611,16321
296,10305,42726,93.3,39.1,30411,3157,140,6363,18,1686,951,16036
300,10306,53877,89.2,43.8,45069,1848,32,3951,0,1308,1669,21749
304,10307,14906,93.3,40.8,13602,63,20,678,0,396,147,5486
308,10308,29512,91.5,43,27311,351,27,1473,0,196,154,11320
312,10309,34058,100.2,40.6,31731,239,111,1143,0,498,336,11979
316,10310,23800,90.8,39.1,14264,5098,62,1364,0,2149,863,9465
320,10311,0,0,0,0,0,0,0,0,0,0,0
324,10312,61392,91.4,41.6,56249,560,90,3276,57,525,635,22226
328,10314,89792,93.3,41.1,65976,3342,126,15209,76,2691,2372,32925
332,10451,48136,90.4,34.1,6746,19123,148,656,0,18962,2501,20206
336,10452,75452,83.8,31.8,10445,24612,298,1270,252,35629,2946,27387
340,10453,81716,85.3,31,7797,27461,458,1214,0,41989,2797,28749
344,10454,37212,91.9,30.7,6161,12349,515,105,24,16900,1158,14141
348,10455,41951,88,30.5,5845,12749,368,391,110,21127,1361,15122
352,10456,92717,90.7,31.1,11608,42939,1218,615,156,33023,3158,32411
356,10457,74822,84.9,30,13534,33654,380,731,37,24079,2407,25965
360,10458,85620,93.2,28.9,14411,16289,333,2585,48,48689,3265,29436
364,10459,48780,91.6,32.4,6123,15958,289,266,27,24351,1766,18216
368,10460,59432,87.9,32.5,10950,20409,289,891,145,24628,2120,21824
372,10461,49690,93.7,38.4,24113,4681,383,6100,57,11910,2446,20157
376,10462,75714,90.6,36.6,17579,21736,729,10272,20,21561,3817,31100
380,10463,71132,88,40.4,33197,11573,480,2774,69,18701,4338,30021
384,10464,4531,100.5,42.1,3084,1,0,227,0,1061,158,2095
388,10465,43671,95.5,41.9,25689,5810,13,1220,8,9425,1506,16714
392,10466,75039,79.7,36.6,8741,53651,898,2132,52,7522,2043,25372
396,10467,101255,90.1,34.3,24355,35955,631,5871,77,30081,4285,38832
400,10468,78881,88.2,32.2,12484,19919,653,1830,303,41304,2388,27600
404,10469,72384,84.2,40.3,12756,40936,459,4493,0,11072,2668,23569
408,10470,15716,84.9,39.2,6685,6723,6,463,0,1371,468,6495
412,10471,22422,92.7,43.9,15232,2509,33,1267,0,2353,1028,9611
416,10472,67948,94.4,32.2,8668,18615,846,5519,0,31829,2471,23480
420,10473,59579,86,35.7,21610,23528,231,925,0,10734,2551,22135
424,10474,12179,104.1,30.7,1180,5115,68,22,0,5322,472,4091
428,10475,42818,76.9,47.2,6847,27547,529,1044,0,4705,2146,19141
432,10501,1213,107,50.6,1142,13,0,0,0,25,33,452
436,10502,5514,110.9,48.2,4181,166,9,690,0,223,245,2011
444,10504,8196,101.6,45,7255,34,0,383,0,341,183,3033
448,10505,1089,70.7,43.6,962,0,0,102,0,25,0,368
452,10506,5699,88.6,44.4,5030,46,0,254,0,289,80,2263
456,10507,7134,69.3,37.4,5090,512,17,250,0,992,273,2480
460,10509,19582,105.4,41.6,15709,451,27,716,5,2337,337,7436
464,10510,10438,95.5,45.4,8839,330,7,500,7,437,318,3981
468,10511,2166,108.5,39.8,1693,184,5,8,0,241,35,975
472,10512,24672,88.1,46.5,21895,848,27,299,0,1169,434,10248
476,10514,12667,92,43.2,10728,433,5,1211,0,0,290,4294
480,10516,5375,96,47.9,5198,12,17,51,0,67,30,2450
488,10518,1071,72.7,50,917,0,0,143,0,11,0,434
492,10519,289,194.9,37.4,148,0,0,141,0,0,0,134
496,10520,13117,89.4,44.5,10837,535,0,616,0,795,334,5353
500,10522,11070,105.4,38.6,8630,877,27,658,0,374,504,3849
504,10523,9133,105.6,35.7,3718,2622,24,763,0,1573,433,3201
508,10524,4380,99.4,47.4,3894,141,0,121,0,61,163,1710
512,10526,1763,89,48,1474,44,0,49,0,196,0,741
520,10528,13182,90.5,40.9,10687,243,124,1523,0,271,334,4875
524,10530,12268,85.2,47.9,8501,1169,56,1408,0,719,415,6013
528,10532,4952,104.4,45.1,4267,78,0,297,0,264,46,1787
532,10533,7662,85.2,41.9,6749,12,0,600,17,111,173,2931
536,10535,390,27.9,50.7,390,0,0,0,0,0,0,122
540,10536,10627,89,44.8,9686,184,84,306,0,178,189,3855
544,10537,2441,82.4,41.1,1646,579,0,105,0,0,111,1046
548,10538,16302,103.5,40.9,14366,158,72,1009,0,351,346,5998
552,10541,26321,102,42.2,23946,162,24,535,14,1231,409,9596
556,10543,20951,102.1,41.6,16864,1015,4,852,7,1854,355,7899
560,10545,128,0,52.3,93,12,0,0,0,23,0,0
564,10546,1228,112.1,44.7,1118,3,0,85,0,2,20,458
568,10547,7690,107.4,43.3,5719,447,3,391,0,1076,54,2713
572,10548,3793,112.7,47.8,3235,325,0,15,0,176,42,1459
576,10549,16498,112.7,42.6,12752,613,0,873,0,1897,363,6170
580,10550,37429,83.9,37.2,4369,28038,323,630,0,3095,974,14910
584,10552,20202,84.1,44.4,8931,7693,95,743,0,1812,928,9021
588,10553,10075,82.6,42.3,447,8951,0,10,0,540,127,3673
592,10560,4792,92.6,49.7,4098,243,42,146,0,124,139,1889
596,10562,31636,103.2,41.5,18460,3852,48,1641,0,6714,921,12150
600,10566,24010,91.1,38.6,9510,5576,54,505,0,7117,1248,10374
604,10567,20518,97.8,44.2,15609,1169,8,605,7,2065,1055,7186
608,10570,12900,105.9,39.8,10645,591,0,522,0,790,352,4388
612,10573,38816,104.5,39.7,25414,1337,410,1162,9,9472,1012,13306
616,10576,4907,92.4,50.3,4403,110,0,121,0,112,161,2129
620,10577,6356,88.9,20.6,4628,804,22,364,10,193,335,947
624,10578,801,72.3,45.1,775,0,0,26,0,0,0,290
628,10579,8208,106,45.6,7219,133,22,74,0,345,415,3647
632,10580,17334,93.5,42.8,15289,205,120,1018,0,282,420,6318
636,10583,40851,94.2,42.4,31218,701,80,6611,6,798,1437,14814
640,10588,3087,85.9,46.1,2462,148,39,154,0,284,0,1182
644,10589,8793,86.5,58.8,8374,142,0,116,0,145,16,4225
648,10590,7078,96,45.7,6381,165,16,219,0,153,144,2943
652,10591,23044,89.1,41,15180,1335,0,1191,0,4524,814,9395
656,10594,5090,96.8,42,4378,202,0,197,0,284,29,1609
660,10595,8473,118.6,37.9,6251,1009,35,673,0,317,188,2508
664,10596,1242,132.1,38.6,1098,28,0,9,0,0,107,564
672,10598,29320,96.4,45.5,25171,1222,242,1650,12,507,516,11351
676,10601,10614,93.9,39.9,5753,1527,0,1387,0,1769,178,6035
680,10603,17866,85.7,38.8,10044,4668,103,1513,13,1152,373,7272
684,10604,11290,94,41.3,8272,1120,43,590,0,993,272,4209
688,10605,19195,95.1,45,14701,1270,18,998,0,1397,811,7675
692,10606,16841,102.1,36.5,7417,2281,17,1216,12,5608,290,6132
696,10607,7578,98.3,41.9,3417,1889,25,1048,0,975,224,2593
700,10701,61604,94.3,36,25722,17378,644,3169,46,12498,2147,26298
704,10703,22148,85.5,37.7,11605,4224,0,1159,12,4091,1057,7860
708,10704,31683,94.8,41.4,21115,4577,84,2222,7,2953,725,12881
712,10705,39944,96.6,36.1,16734,8409,420,2090,0,10073,2218,15222
716,10706,8493,80.4,44.7,7313,203,0,578,0,200,199,3277
720,10707,10260,100.9,41.1,7809,544,0,905,0,447,555,4267
724,10708,21769,81.8,43,17244,1415,25,1009,23,1191,862,9579
728,10709,9603,87,42.5,8677,193,9,590,0,61,73,3873
732,10710,25262,87.8,44.1,14320,3735,210,3348,0,2745,904,10113
736,10801,41370,92.9,36.5,19245,10867,62,2161,49,7335,1651,15606
740,10803,12510,98.5,39.1,9414,1167,0,970,0,409,550,4233
744,10804,15229,98.7,46.5,12478,1166,0,769,0,482,334,5441
748,10805,19096,81.3,42.6,10020,3785,2,906,0,3851,532,7898
752,10901,23039,93.1,44.9,18325,1378,33,1279,14,1314,696,9179
756,10910,0,0,0,0,0,0,0,0,0,0,0
760,10911,0,0,0,0,0,0,0,0,0,0,0
764,10913,5075,97.3,39.4,4425,67,0,394,0,64,125,1524
772,10915,85,60.4,54.9,85,0,0,0,0,0,0,30
776,10916,4352,101.1,41.6,4088,32,0,56,0,131,45,1472
780,10917,1766,113.8,38.9,1304,0,0,138,0,256,68,656
784,10918,12653,93.4,38.5,9593,991,59,249,0,1364,397,4549
792,10920,9075,97.5,45.3,6944,403,42,802,0,615,269,3132
796,10921,3809,98.2,43.1,3112,117,93,37,6,253,191,1531
800,10922,1637,88.6,44.8,1239,15,0,164,0,192,27,718
804,10923,8627,95,35.9,4297,1067,0,687,0,2162,414,2824
808,10924,13508,105.8,43.1,11252,556,8,395,72,905,320,4811
812,10925,3913,115,47.1,3673,72,98,25,0,8,37,2477
816,10926,3592,110.1,38.2,1980,851,0,235,0,403,123,1455
820,10927,12065,100.2,35.2,4946,1181,12,282,0,5140,504,3958
824,10928,4145,103.7,43.7,2602,786,12,285,0,168,292,2008
828,10930,9425,111.6,40.8,7542,818,0,536,0,366,163,3189
840,10933,563,59.5,36.8,535,0,0,28,0,0,0,211
844,10940,48021,95,38,28149,8657,136,1363,11,6889,2816,20220
848,10941,13786,105.9,38.2,7352,3483,81,704,0,1060,1106,5446
852,10950,50979,106,21.7,44258,1588,138,1313,0,2834,848,13690
856,10952,42063,96.5,19.7,38247,2087,2,743,0,542,442,9886
860,10953,109,29.8,47.1,109,0,0,0,0,0,0,58
864,10954,22931,91.6,44.9,14849,3502,18,3003,0,821,738,8708
868,10956,32289,93.5,45.4,23929,2953,30,3634,0,1034,709,10835
872,10958,3319,123.7,43.8,2689,457,0,13,0,101,59,1108
876,10960,15857,86.5,43.7,10557,3495,0,596,12,674,523,6806
880,10962,6034,121.3,45.4,4510,436,26,818,0,137,107,1910
884,10963,4487,172.3,41.1,2912,695,0,96,0,427,357,1165
888,10964,1224,100.7,52.3,1075,27,0,111,0,0,11,530
892,10965,15534,94.5,41.3,13109,591,117,935,0,578,204,5713
896,10968,2400,104.8,50.2,2084,109,0,145,0,0,62,1328
900,10969,1329,129.1,44.2,1189,61,0,58,0,0,21,456
904,10970,10082,86.2,38.9,5195,1961,0,694,0,1309,923,3774
908,10973,2479,111.7,39.2,2038,191,47,25,0,78,100,843
912,10974,3202,100.1,44.4,2833,142,0,77,0,85,65,1230
916,10975,200,104.1,26.5,159,0,0,0,0,11,30,155
920,10976,2332,74.6,38.4,1737,120,12,197,1,230,35,741
924,10977,66138,105,25.9,38058,16033,74,1574,0,9316,1083,17261
928,10979,162,326.3,50.9,162,0,0,0,0,0,0,156
932,10980,13942,93.5,43.9,10587,1637,41,473,0,886,318,5173
936,10983,5999,90.4,45,4629,60,0,819,0,182,309,1970
940,10984,2789,91.2,44.8,1822,518,0,66,0,300,83,961
944,10985,162,42.1,33.8,162,0,0,0,0,0,0,49
948,10986,1899,92.8,42.5,1713,41,0,27,0,39,79,584
952,10987,3408,102.1,48.4,2967,206,0,31,0,165,39,1520
960,10989,8689,87.3,49,6231,746,30,872,0,426,384,3699
964,10990,20307,90.9,46.6,18127,674,101,425,45,574,361,7847
968,10992,9360,97.6,42.6,7644,752,47,129,0,603,185,3534
972,10993,4803,97.9,43.6,2591,1046,67,188,0,668,243,1583
976,10994,7396,100.1,48.8,6168,98,0,596,0,268,266,2630
980,10996,6383,187.9,21,4890,450,44,327,10,166,496,979
984,10998,3281,112,40.3,2883,26,0,12,0,301,59,1091
988,11001,28021,98,44.1,18046,1639,107,5998,0,1684,547,9449
992,11003,44572,97.4,39.1,9834,21510,73,5981,13,4984,2177,12952
996,11004,15098,93.3,44.7,6191,928,76,6510,51,636,706,5441
1000,11005,1759,45.5,82.1,1717,0,0,42,0,0,0,1600
1004,11010,24752,97.3,42.5,19094,385,157,1974,0,2755,387,8133
1008,11020,5774,108.4,45.5,2515,600,14,2449,0,110,86,1962
1012,11021,18245,85.1,46,12413,405,145,4445,0,461,376,8377
1016,11023,9301,98.3,39,8078,80,0,950,0,103,90,3133
1020,11024,7786,135.1,31.6,6554,123,0,473,0,483,153,2270
1024,11030,18578,89,47.6,14494,170,6,3281,0,229,398,6787
1028,11040,41592,89.3,44.4,20678,619,186,15783,103,3084,1139,13258
1036,11050,30357,94.9,41.5,23882,480,44,3631,6,1901,413,11952
1040,11096,8362,100,33.7,3671,1689,0,391,0,2529,82,2670
1044,11101,31366,99.5,34,13181,4683,252,7741,64,3895,1550,18766
1048,11102,29747,97.5,34.3,17887,2726,23,4746,13,3260,1092,16813
1052,11103,35995,96,33.9,25251,932,70,4992,40,3448,1262,18178
1056,11104,25114,96.7,38,15805,518,80,6087,0,1785,839,12715
1060,11105,36983,104.5,35.7,28467,930,27,4233,0,2056,1270,17275
1064,11106,37690,92.3,35.8,20103,2912,59,7938,8,4848,1822,19336
1068,11109,5980,98.9,33.4,3888,55,0,1815,0,34,188,4507
1072,11201,63378,90.6,34.9,40722,8367,201,7851,49,2505,3683,31445
1076,11203,76085,79.9,40.2,3364,67699,147,1390,0,2233,1252,31396
1080,11204,76395,101.5,34.7,43354,954,229,25181,10,5069,1598,25569
1084,11205,46843,85.3,29.5,24069,14522,286,2966,4,3144,1852,18101
1088,11206,88422,94.6,29.3,41063,21797,525,5966,125,15424,3522,33028
1092,11207,91083,79.8,35.2,13754,59435,220,1630,69,13831,2144,37857
1096,11208,101313,88,32.3,27587,54461,210,6087,65,10791,2112,37867
1100,11209,67782,91.5,41.2,49657,2150,220,8984,63,3974,2734,33110
1104,11210,64665,83.8,36.3,20472,37938,59,2625,0,2434,1137,23801
1108,11211,103123,100.7,31,77250,6663,554,5762,22,9329,3543,43759
1112,11212,75605,71.2,38.3,6384,60356,69,845,43,5543,2365,35326
1116,11213,67056,83.6,33.7,16302,43727,147,1552,14,3084,2230,27728
1120,11214,92644,98,39.5,44420,1828,255,34282,5,9006,2848,33692
1124,11215,69873,92.2,36.5,53997,3213,111,5680,0,3004,3868,30479
1128,11216,57786,86.7,33.8,18064,31201,159,3063,14,2512,2773,28008
1132,11217,41813,90.7,34.6,24274,8507,33,3510,18,3422,2049,20087
1136,11218,72413,100.1,35.3,43898,5711,420,13509,0,5610,3265,25913
1140,11219,89371,99.4,27.7,59594,1062,295,21241,18,6297,864,26951
1144,11220,93170,101.5,34.8,29003,2617,423,38601,0,19766,2760,29894
1148,11221,83322,92.2,32,23074,39114,497,2901,20,14511,3205,35362
1152,11222,36872,95,34.9,30425,1320,69,1619,0,1698,1741,18822
1156,11223,81388,96.1,36.7,46254,3802,297,20466,166,7652,2751,30130
1160,11224,45795,80.5,47.7,26249,10133,72,3423,6,4495,1417,20367
1164,11225,56859,84.6,35.5,16198,34633,132,1612,0,2423,1861,25749
1168,11226,99558,85.3,34.5,15922,67681,296,3072,0,10353,2234,40961
1172,11228,44348,96,41.5,23867,572,69,16617,36,2147,1040,16242
1176,11229,83119,93.1,40.8,53002,5100,209,19113,43,3259,2393,33428
1180,11230,86139,93.9,33.9,61252,6413,339,11468,27,4050,2590,32571
1184,11231,37874,83.9,35.9,25113,5796,215,2223,303,2304,1920,16965
1188,11232,26430,112.7,34.2,11848,1901,391,4907,18,6195,1170,9344
1192,11233,79439,85.9,33.2,8700,61160,89,1538,17,6161,1774,32997
1196,11234,93534,88.1,40.7,38573,42348,293,6783,0,4004,1533,33959
1200,11235,78775,92.2,44.2,59438,1713,76,10771,0,3857,2920,35130
1204,11236,100844,77,38,5775,86706,118,2713,11,4102,1419,36197
1208,11237,48876,106.5,30.7,18175,6757,583,3343,47,18071,1900,18343
1212,11238,55210,86.2,36.1,27542,18830,40,3299,19,2317,3163,26932
1216,11239,12772,65.8,50.6,3791,7496,256,488,0,585,156,6983
1220,11351,0,0,0,0,0,0,0,0,0,0,0
1224,11354,53684,85.1,45.5,10711,1713,107,34396,8,5093,1656,22186
1228,11355,80987,92.1,43.1,10048,2719,433,58782,35,7250,1720,30725
1232,11356,23494,95.4,38.5,7399,561,44,7571,75,6765,1079,8204
1236,11357,39407,90.2,46.7,27025,244,41,9171,14,1933,979,15957
1240,11358,36515,96.5,44.4,15172,304,171,17375,0,2503,990,13887
1244,11359,0,0,0,0,0,0,0,0,0,0,0
1248,11360,18954,80.6,49.4,10811,219,23,7017,0,593,291,9444
1252,11361,27201,95.6,43.8,13200,1183,8,11247,0,1171,392,11072
1256,11362,18343,90,50.3,8956,621,0,7647,0,609,510,7491
1260,11363,7096,91.9,46.4,4095,138,0,2389,0,293,181,2858
1264,11364,36215,94.9,44.9,14497,1384,302,18209,4,1104,715,14245
1268,11365,44738,88.4,41.4,14880,4265,176,19867,15,3415,2120,16362
1272,11366,14360,87.9,40.6,6008,840,0,6321,0,762,429,4968
1276,11367,41207,95.2,36.6,22536,3001,209,11241,0,2328,1892,15720
1280,11368,112088,109.4,32.9,40843,10366,895,13625,12,43424,2923,30735
1284,11369,31481,101.1,38.9,8171,5397,102,4135,6,12573,1097,13026
1288,11370,31580,143.4,37.6,13290,4531,391,7167,0,5534,667,10809
1292,11371,0,0,0,0,0,0,0,0,0,0,0
1296,11372,62854,100.1,40.6,34205,1730,222,13225,80,11092,2300,26159
1300,11373,94437,98.2,38.2,16903,1895,653,46005,10,26706,2265,33837
1304,11374,43507,87.4,42.3,23243,1845,45,13737,0,2261,2376,21041
1308,11375,73034,86.9,43,43828,1971,146,21035,0,2464,3590,35376
1312,11377,83825,103.8,40.5,39603,2524,353,31122,0,7509,2714,33648
1316,11378,38524,94.4,38.2,27692,703,152,3957,29,4627,1364,13889
1320,11379,37991,89.2,41.9,29573,420,116,4190,0,2707,985,14419
1324,11385,107796,98.8,35.2,87264,2824,185,7028,0,7658,2837,38571
1328,11411,20719,87.3,44.8,671,19237,14,56,0,442,299,6483
1332,11412,37857,84.8,40.9,948,33267,272,973,91,1572,734,11865
1336,11413,41650,87,40,1007,38093,151,506,57,1237,599,13060
1340,11414,28313,93.3,46.6,22791,747,0,1199,0,2006,1570,11383
1344,11415,18891,92.4,40.2,11463,1320,208,3067,15,2108,710,9461
1348,11416,26744,100.7,35.8,7567,1663,14,8845,29,6727,1899,7715
1352,11417,31321,88.2,38,11329,2269,77,9455,6,6506,1679,9648
1356,11418,38405,102.7,36.1,15161,3200,333,9044,0,8348,2319,11770
1360,11419,48369,101.5,38.4,4634,7719,435,16613,33,15819,3116,12948
1364,11420,47470,99,39.7,7922,12055,470,15520,118,8569,2816,14321
1368,11421,41251,100.3,37.8,17077,1756,271,8187,0,11037,2923,12477
1372,11422,32761,82.9,40,2096,27544,345,730,0,1280,766,10575
1376,11423,30104,95.2,40.9,3917,11708,111,8641,0,4398,1329,10396
1380,11424,0,0,0,0,0,0,0,0,0,0,0
1384,11425,0,0,0,0,0,0,0,0,0,0,0
1388,11426,20524,97.7,38.5,7599,1237,86,8988,0,1784,830,6544
1392,11427,24560,99.7,41.8,6581,5113,294,8277,0,3112,1183,8112
1396,11428,18836,96.9,41.7,3951,4032,78,4926,43,3706,2100,6054
1400,11429,27454,87.3,39.6,1079,20058,229,1242,33,3992,821,7662
1404,11430,206,0,47.9,34,139,0,6,0,27,0,0
1408,11432,64299,87.9,36.1,12002,10384,418,27346,133,10966,3050,20071
1412,11433,37021,84.1,35.1,1588,23854,17,3580,12,7126,844,11506
1416,11434,64304,82.1,38.7,2321,55241,32,2000,0,3126,1584,22875
1420,11435,59605,99.7,35.7,10640,14557,411,13922,6,17749,2320,19818
1424,11436,19167,98.2,37.9,989,12051,46,1739,0,3257,1085,5875
1428,11451,0,0,0,0,0,0,0,0,0,0,0
1432,11501,19621,97.8,42,14168,489,10,2367,0,2142,445,7999
1436,11507,7225,102.6,47.6,4382,132,74,2428,0,52,157,2551
1440,11509,1920,101.3,55.1,1812,29,13,21,0,18,27,1265
1444,11510,33299,95.3,42.5,17254,11304,39,1383,37,1560,1722,11222
1448,11514,4694,95,41.6,3378,149,0,453,0,573,141,1765
1452,11516,7372,87.8,30.8,6849,105,0,134,0,256,28,2468
1456,11518,9969,98.1,42.3,8615,402,12,572,0,200,168,4429
1460,11520,43438,88.3,38.7,18842,12993,72,588,3,5226,5714,14907
1464,11530,28460,93.6,42.4,25257,547,0,1475,0,682,499,9897
1468,11542,27893,92.3,40.5,18983,2275,285,1430,0,4162,758,10689
1472,11545,12604,108.1,46.3,10523,252,0,1054,0,646,129,4640
1480,11548,2922,85.4,24,1702,211,0,767,0,161,81,571
1484,11549,2803,69.8,20,1817,390,0,275,0,69,252,0
1488,11550,57639,89.2,34,9443,25782,273,951,0,18420,2770,18131
1492,11552,24908,102.9,38.8,14825,5713,24,1523,74,1988,761,7444
1496,11553,26054,93.3,35,9070,10883,455,441,0,3105,2100,6764
1500,11554,38029,94.4,41.3,25944,2428,150,4990,0,3503,1014,12846
1504,11556,0,0,0,0,0,0,0,0,0,0,0
1508,11557,7878,83.1,47.3,5943,601,0,659,0,636,39,2979
1512,11558,8465,132.7,42.1,7181,160,3,219,0,684,218,3031
1516,11559,8192,75.2,35.3,7080,103,50,201,0,758,0,2890
1520,11560,6669,86,45.7,6119,132,0,150,0,189,79,2588
1524,11561,37726,91.7,45.5,31242,2512,73,1287,0,1638,974,17793
1528,11563,21919,92.8,43.8,18101,881,186,677,0,1444,630,8378
1532,11565,8560,85.5,48.2,7199,455,7,390,0,165,344,3250
1536,11566,33331,100.7,43.1,30134,1108,44,1251,0,258,536,11622
1540,11568,4548,88.3,25.4,2937,461,3,817,0,86,244,1176
1544,11569,1117,126.6,55.7,1117,0,0,0,0,0,0,655
1548,11570,27234,94,42.5,21829,2915,0,734,0,1169,587,10741
1552,11572,29243,99,43.1,26399,550,275,779,0,777,463,10556
1556,11575,17180,95.6,34.1,2916,10079,502,152,0,2119,1412,4774
1560,11576,12374,90,47.8,9464,131,13,2176,0,430,160,4734
1564,11577,12513,89.8,43.3,9439,454,30,2130,0,331,129,4540
1568,11579,5214,94.5,48.8,4805,61,0,78,0,188,82,2097
1572,11580,42990,89.1,40.9,14375,14280,20,6217,16,6045,2037,13748
1576,11581,21794,95.2,39.3,11522,4532,9,2979,10,1946,796,7242
1580,11590,47245,93.1,40.1,21766,10499,16,4233,67,9336,1328,15015
1584,11596,10347,93.8,42,8098,164,14,1684,0,167,220,3550
1588,11598,14066,103.7,33.6,12835,654,0,319,0,217,41,4172
1592,11691,68543,86.3,30.8,25352,32175,182,2274,38,6460,2062,21959
1596,11692,22074,89.9,36,4919,13205,180,1167,0,2130,473,7894
1600,11693,12944,92.3,41.1,7931,2828,0,571,0,972,642,5447
1604,11694,21202,104.8,48,17397,1389,217,620,0,1338,241,9401
1608,11697,3674,79.8,50.8,3490,23,0,24,0,137,0,2687
1612,11701,28363,90,38.3,11485,10318,133,191,0,5260,976,9207
1616,11702,14127,100.6,43.2,13400,90,32,231,0,110,264,5630
1620,11703,16119,85.9,42.6,12817,1156,57,683,0,936,470,5612
1624,11704,39981,94.5,40.5,29388,5583,137,1459,42,2547,825,13333
1628,11705,7721,103,41.1,7173,175,40,99,0,13,221,2848
1632,11706,68401,98.8,35.8,38860,11457,822,2073,11,12029,3149,21278
1636,11709,6735,103,49.1,6383,18,19,85,0,99,131,2770
1640,11710,34634,94.5,43.9,30455,692,28,1676,0,964,819,11867
1644,11713,9295,100.8,37.8,6317,1993,0,272,0,184,529,3645
1648,11714,22741,95.6,43.3,19409,133,189,2084,0,539,387,8296
1652,11715,4583,96,44.2,4495,7,0,19,0,20,42,1759
1656,11716,9781,100.6,41.4,9092,253,18,167,0,225,26,3686
1660,11717,63492,94.8,34.1,38558,9456,446,1254,110,11091,2577,14821
1664,11718,3075,99.7,42.9,2902,57,0,9,0,67,40,1101
1668,11719,3447,96.4,46.6,2993,252,13,8,5,36,140,1298
1672,11720,28454,96.2,37.7,24335,1268,23,1571,0,670,587,9468
1676,11721,6288,94,50.7,5915,11,0,312,0,0,50,2511
1680,11722,31878,101.2,36,16831,8059,51,1149,0,4791,997,10296
1684,11724,3175,90.6,37.6,2680,9,0,352,0,36,98,1072
1688,11725,29396,97.7,46.9,26881,497,0,1410,0,143,465,10108
1692,11726,19481,105.1,38.9,10952,2953,314,506,0,3820,936,6294
1696,11727,29736,96.1,40.6,22091,4350,0,1594,85,954,662,12165
1700,11729,27252,95.2,42.1,18341,3540,20,2836,0,1481,1034,9230
1704,11730,13663,104.5,42.4,12601,385,16,146,0,489,26,4838
1708,11731,30436,100.3,45.1,27850,406,0,1408,0,305,467,10821
1712,11732,3751,88.8,49.1,3311,137,0,82,0,54,167,1541
1716,11733,16363,104.5,46.7,13962,240,14,1696,0,189,262,6113
1720,11735,33893,96.6,41.6,27444,1660,20,2818,0,1079,872,12177
1724,11738,17972,106.2,40.9,15815,473,9,861,0,293,521,5753
1732,11740,9693,91.1,44.8,8469,299,0,548,0,98,279,3602
1736,11741,26651,98.5,41.3,24139,983,157,886,35,80,371,9560
1740,11742,12438,95.1,43.6,10718,631,0,685,0,271,133,4566
1744,11743,41878,97.9,47.2,35868,2481,40,1290,0,1278,921,16572
1748,11746,67863,103.8,40.1,48111,4325,140,6415,27,7603,1242,23052
1752,11747,18288,83.7,50.1,16206,472,0,1130,16,112,352,8007
1756,11749,3341,85.4,39.3,2168,331,9,381,0,269,183,1144
1760,11751,14314,96.6,41.8,12994,517,0,216,0,362,225,5369
1764,11752,9656,96.7,43.5,8764,188,1,312,0,151,240,3227
1768,11753,12857,94.7,45,8196,94,0,4036,0,190,341,4604
1772,11754,17946,85.2,45.4,16334,183,7,704,0,456,262,7210
1776,11755,12598,104.2,40.9,11206,211,0,675,0,311,195,4384
1780,11756,43446,95.2,41.5,35287,582,16,3256,0,2955,1350,13832
1784,11757,44368,99.4,41.7,37530,1987,86,887,0,2668,1210,15385
1788,11758,52783,93.6,44.7,48409,2270,94,835,65,720,390,19729
1792,11762,22358,96.1,43.7,21083,71,0,457,0,201,546,7977
1796,11763,28579,89.8,40.8,23867,3372,17,348,0,426,549,9892
1800,11764,12981,104.1,40.9,12487,65,0,126,0,0,303,4518
1808,11766,11720,100.7,45.4,10872,92,0,295,0,99,362,4261
1812,11767,14952,96.3,45.6,13636,259,0,471,0,519,67,5295
1816,11768,21113,92.6,50,20540,236,20,180,0,25,112,8562
1820,11769,8340,88.5,50,7929,143,16,43,0,50,159,3881
1824,11770,56,180,54.5,56,0,0,0,0,0,0,1157
1828,11771,9150,86.7,47,8383,156,0,403,0,126,82,4187
1832,11772,45991,97.9,39.9,40826,2183,99,1187,0,1072,624,18690
1836,11776,24950,85.8,41,21881,720,0,743,0,1355,251,8382
1840,11777,9007,99.1,46.1,7849,192,3,692,0,99,172,3658
1844,11778,12081,100.3,37.9,11241,123,0,86,0,494,137,4761
1848,11779,37837,98.7,39.6,31836,1409,168,2351,65,664,1344,13104
1852,11780,16099,99.2,46.1,14647,331,0,746,0,154,221,6080
1856,11782,14965,95.9,44.4,14170,138,0,359,0,28,270,6693
1860,11783,21280,98.4,43.4,20338,101,39,439,0,92,271,7205
1864,11784,25337,97.3,37.6,20851,1403,16,1489,0,939,639,8394
1868,11786,6359,104,40,5663,232,0,279,0,55,130,1959
1872,11787,34376,98.6,45.5,32183,223,6,1255,0,314,395,12572
1876,11788,16583,105.2,42.5,14077,765,14,1238,0,297,192,6001
1880,11789,8301,86.8,43.9,7654,61,231,117,0,152,86,3044
1884,11790,17304,114.2,26.5,12212,900,6,3537,10,180,459,4861
1888,11791,26135,101.5,42.7,17467,197,74,7511,0,421,465,8624
1892,11792,7853,100.1,41.2,7607,126,0,17,0,68,35,3175
1896,11793,30643,94.2,42.4,29250,149,22,650,0,154,418,10522
1900,11794,3024,111.5,19.9,971,342,0,1403,0,36,272,0
1904,11795,24775,92.4,43.9,23890,127,12,405,0,81,260,8070
1908,11796,4160,88.6,44.4,3932,36,0,84,0,54,54,1299
1912,11797,8962,90.8,53,7230,201,0,1424,0,43,64,3322
1916,11798,14864,88.1,33.1,3143,9210,84,205,0,1469,753,4191
1920,11801,40288,102.7,43.8,25089,699,116,11057,8,1630,1689,13560
1924,11803,28520,96.9,44.2,23356,181,16,4384,0,275,308,10201
1928,11804,4671,101.3,44.5,4113,16,0,430,0,0,112,1727
1932,11901,28387,105.8,41.9,20256,4887,25,484,0,1771,964,11897
1936,11930,882,96,57,856,0,0,0,0,7,19,2458
1940,11931,39,30,3,39,0,0,0,0,0,0,108
1944,11932,1120,101.1,49.9,791,250,0,64,0,1,14,2224
1948,11933,7342,93.4,48.7,6378,436,0,221,0,6,301,3849
1952,11934,7584,88.5,42.1,6830,274,0,106,0,260,114,2727
1956,11935,3160,91.5,52,3121,20,0,0,0,17,2,2304
1960,11937,16137,93.1,49.9,14939,483,21,464,0,134,96,13555
1964,11939,999,82.3,60.8,956,16,0,0,0,0,27,1153
1968,11940,5532,111.1,44.5,5159,108,0,105,0,28,132,2182
1972,11941,1797,83.7,45.4,1719,32,0,0,0,0,46,770
1976,11942,5174,79.5,44.9,5014,22,0,122,0,6,10,3133
1980,11944,4287,72.7,56.8,3660,381,0,26,0,153,67,2979
1984,11946,15453,99.3,44.3,13609,170,48,38,7,1306,275,8803
1996,11949,13760,113.7,44.4,12143,686,0,172,0,317,442,5335
2000,11950,16444,92.3,32.9,13263,1674,510,160,0,441,396,4973
2004,11951,13015,90.7,39.7,11729,568,57,184,0,114,363,5177
2008,11952,5010,98.3,55.4,4989,13,0,0,0,4,4,3039
2012,11953,13645,86,43.1,10572,2410,6,261,0,200,196,5732
2016,11954,3685,128.9,56.8,3434,7,10,10,0,157,67,4664
2020,11955,3748,87.3,51.1,3288,70,24,212,0,1,153,1926
2036,11959,545,98.9,57.9,497,19,0,21,0,0,8,1557
2040,11960,706,99.4,58.4,706,0,0,0,0,0,0,1064
2044,11961,12902,80.1,49.9,11201,940,68,462,0,113,118,6148
2052,11963,7161,97.4,49.3,6433,379,0,192,5,66,86,6033
2056,11964,2413,99.4,40.4,2179,0,0,76,0,158,0,2548
2064,11967,27854,90.1,35.4,23881,2033,63,1090,0,334,453,8801
2068,11968,10517,89.7,52.6,9455,283,5,570,0,57,147,9673
2072,11970,212,84.3,59.6,181,0,0,31,0,0,0,609
2076,11971,6026,99.1,54.6,5777,12,0,154,0,83,0,4350
2080,11972,1096,126.9,44.8,975,95,0,0,0,25,1,675
2084,11973,40,122.2,18.7,21,17,0,2,0,0,0,139
2092,11976,1679,95.7,51.8,1545,7,13,54,0,0,60,2100
2096,11977,2176,98.5,56.8,2054,34,0,39,0,40,9,1722
2100,11978,3086,101.7,48.1,2728,159,37,48,0,3,111,3935
2104,11980,5865,135.5,39.2,5094,376,23,80,0,168,124,2088
2108,12007,9,0,0,9,0,0,0,0,0,0,47
2116,12009,7900,106.2,42.2,7230,214,11,260,0,12,173,3199
2120,12010,28152,93.9,40.9,23001,970,21,184,0,3152,824,13763
2124,12015,3026,90.3,47.5,2707,181,2,112,0,9,15,1590
2132,12018,7226,113.3,51,7073,27,97,13,0,0,16,3459
2136,12019,14456,94.9,46.6,13215,205,0,661,27,51,297,6163
2140,12020,33563,99.2,42.1,31720,397,30,849,0,28,539,14709
2148,12023,2187,99.7,42.4,2138,12,0,20,0,0,17,1030
2152,12024,0,0,0,0,0,0,0,0,0,0,0
2156,12025,5388,91.6,46.9,5167,42,70,62,0,0,47,3210
2160,12027,3887,87.9,45.2,3771,26,0,55,0,0,35,1534
2168,12029,1156,129.4,55.5,1066,27,2,0,0,37,24,790
2176,12032,858,101.9,58,743,0,0,97,0,0,18,1328
2180,12033,7906,95,46.8,7609,40,0,102,11,101,43,3317
2192,12037,4257,98.3,48.1,3885,241,0,33,0,29,69,2326
2196,12040,137,67.1,61,137,0,0,0,0,0,0,68
2208,12043,8129,97.1,35.2,7560,281,30,37,2,70,149,3419
2216,12046,1102,113.2,36.3,1086,0,0,0,0,0,16,458
2220,12047,21355,82.7,37.4,17848,1197,94,678,16,30,1492,10030
2224,12051,6383,237.7,38.6,4942,1372,0,47,0,13,9,2066
2228,12052,1611,96,47,1580,0,0,0,0,0,31,825
2232,12053,4527,103.1,40.3,4430,37,0,15,0,1,44,1648
2236,12054,16940,93.1,43.6,15732,378,0,581,0,113,136,7220
2240,12056,2847,106.2,34.9,2765,4,0,0,0,31,47,1070
2244,12057,1942,89.5,54.4,1895,0,10,26,0,4,7,837
2248,12058,1394,102.3,45.9,1323,37,0,23,0,0,11,737
2252,12059,1682,94.5,49.9,1662,5,0,15,0,0,0,1085
2256,12060,1414,95.3,55.1,1406,0,3,2,0,0,3,942
2260,12061,9656,87.2,43.6,8869,150,21,501,0,20,95,4063
2264,12062,1546,136.8,38.3,1526,0,0,10,0,6,4,751
2276,12065,42701,99.1,40.9,36265,1756,127,2562,14,640,1337,18646
2280,12066,1623,101.4,51,1598,12,0,9,0,0,4,908
2284,12067,1519,85.7,48.5,1510,0,0,0,0,0,9,646
2288,12068,3238,108.4,42.9,3070,3,0,0,0,47,118,1574
2292,12069,203,101,36.7,203,0,0,0,0,0,0,103
2296,12070,1669,99.4,45.8,1633,13,0,23,0,0,0,754
2304,12072,3097,104.2,34,2917,55,0,9,0,6,110,1141
2308,12074,3046,104.2,45,2868,17,0,61,0,3,97,1583
2312,12075,2959,103.6,51.1,2637,117,0,0,0,159,46,1539
2316,12076,1308,117.3,54.8,1234,6,0,10,0,36,22,1492
2320,12077,6745,87,44.4,5910,220,5,402,0,0,208,2853
2324,12078,23419,102.7,44.2,21994,361,209,185,7,262,401,12541
2328,12083,3939,105.8,46.4,3795,17,0,15,0,86,26,1802
2332,12084,5005,100.6,34.8,3310,210,0,1306,0,150,29,2284
2340,12086,1453,95.6,56.9,1443,0,0,0,0,7,3,922
2344,12087,1109,89.9,39.3,1109,0,0,0,0,0,0,406
2348,12089,64,82.9,62.1,64,0,0,0,0,0,0,35
2352,12090,6350,94.7,40.7,6149,0,8,8,0,135,50,3008
2360,12093,1545,111.6,48.5,1531,2,0,1,0,0,11,1284
2364,12094,2398,110.2,36.5,2368,30,0,0,0,0,0,973
2368,12095,12046,101.2,41.3,10972,605,0,39,0,174,256,5306
2372,12106,2333,97.9,52.2,2322,0,0,6,0,3,2,1224
2376,12108,393,267.3,65.5,388,2,0,0,0,3,0,1011
2380,12110,21665,100.5,37.7,17743,1145,85,1816,49,251,576,7625
2388,12116,1712,82.7,52.6,1698,0,0,0,0,0,14,1125
2392,12117,3133,87.8,48,3113,4,0,0,0,2,14,2099
2396,12118,15508,95.2,41.4,14328,164,75,594,0,25,322,7329
2404,12121,1972,100.6,48.1,1913,33,0,5,0,7,14,684
2408,12122,4170,103.6,51,3991,24,0,50,0,16,89,2858
2412,12123,5398,118.1,44,4995,131,1,0,0,27,244,2445
2420,12125,1483,91.6,45,1452,0,0,13,0,18,0,844
2436,12134,4059,84.2,49.2,3977,11,0,9,2,11,49,2949
2444,12137,1764,108.5,48.3,1694,20,0,50,0,0,0,830
2448,12138,3218,116.8,46,3162,16,0,7,0,3,30,1851
2456,12140,1690,92.5,47.7,1634,17,7,0,0,2,30,696
2460,12143,4728,103.3,41.5,4528,160,0,0,0,0,40,2215
2464,12144,20205,99.6,40.6,17371,839,46,783,0,80,1086,9942
2472,12148,4333,97.9,47.2,3948,89,0,198,0,0,98,1865
2476,12149,2423,97,45.9,2295,56,12,28,7,0,25,1316
2492,12154,2901,99.9,46.2,2799,19,1,4,0,20,58,1305
2496,12155,2119,103.8,45.2,2049,3,0,2,0,6,59,1147
2500,12156,1053,142.1,38.3,1043,0,0,0,0,0,10,384
2504,12157,4417,89.4,47.1,4216,100,0,21,0,37,43,1893
2508,12158,6945,102.9,41.2,6442,159,0,264,0,11,69,2816
2512,12159,7870,86.4,50.8,7006,113,9,535,0,17,190,3647
2520,12161,191,536.7,28.9,191,0,0,0,0,0,0,77
2532,12166,1148,99.3,45.5,1130,0,1,5,0,3,9,594
2536,12167,2678,96.2,50.7,2582,30,0,36,0,18,12,1606
2540,12168,2033,121.5,48,2033,0,0,0,0,0,0,1109
2548,12170,4958,89.8,45.6,4847,16,7,3,0,2,83,2211
2556,12173,1999,109.1,42.3,1902,23,0,0,0,16,58,855
2568,12176,451,80.4,48.5,433,0,0,10,0,0,8,180
2576,12180,53464,94.8,33.8,39578,7221,27,2578,0,903,3157,24330
2580,12182,14432,88.3,37,11683,1673,20,106,0,337,613,6999
2584,12183,2592,107.2,43.2,2343,134,0,40,0,0,75,1441
2588,12184,6840,96.3,43.6,6166,163,17,30,0,303,161,3138
2592,12185,2006,83.9,36.2,1989,0,0,5,2,3,7,847
2596,12186,6193,103.1,47.1,5982,32,0,79,0,8,92,2746
2604,12188,11415,95.4,40,10802,69,55,192,0,181,116,5279
2608,12189,17290,94.3,40.4,12929,1261,22,1550,0,381,1147,9226
2616,12192,1867,113.4,55.3,1815,3,0,0,0,27,22,795
2620,12193,1855,114.5,53.9,1845,0,0,10,0,0,0,1059
2632,12196,3522,106.4,40.5,3464,53,0,0,0,0,5,1370
2636,12197,1880,93.8,49.6,1742,22,0,0,0,14,102,1283
2640,12198,7871,104,45.9,7511,19,0,130,0,36,175,3226
2644,12202,8342,92.5,35.2,2355,4936,16,331,0,261,443,5368
2648,12203,30010,91.1,34.1,23622,2800,21,2074,11,531,951,14385
2652,12204,8318,104.3,34.6,3280,2741,52,945,50,134,1116,4164
2656,12205,26941,96.3,41.2,21810,1570,43,2383,0,157,978,11844
2660,12206,16480,80.6,30.3,5403,7569,118,1233,0,343,1814,7840
2664,12207,2202,94.4,34.8,724,1266,0,48,0,35,129,1347
2668,12208,21666,90.2,33.8,15683,2211,8,2054,0,844,866,10895
2672,12209,9978,87.3,34.9,5353,2762,0,1018,0,280,565,4833
2676,12210,9583,100.3,31,4289,4317,0,271,0,51,655,6670
2680,12211,10990,97.6,50,9199,303,10,1031,0,0,447,4456
2684,12222,6198,87.6,19.6,3934,1235,0,458,3,384,184,62
2688,12302,27377,89.2,41.9,26041,403,14,226,10,52,631,12330
2692,12303,28488,95,39.8,20458,3112,10,1649,38,1788,1433,12888
2696,12304,22230,96.6,40.1,13288,3906,155,1409,0,1753,1719,9980
2700,12305,5519,133.5,33.8,3811,1154,61,138,0,59,296,3239
2704,12306,26799,94.5,42.2,22954,1752,17,618,0,556,902,11553
2708,12307,7031,96.8,29.7,2239,2717,7,321,0,964,783,3686
2712,12308,14699,87.8,33.8,9343,2567,69,966,36,746,972,7041
2716,12309,30007,94.9,44.3,25475,952,23,2582,0,151,824,12121
2720,12401,35192,97,40.4,26688,4125,96,909,7,1152,2215,16101
2724,12404,3334,90.8,45.1,2938,70,8,66,0,82,170,2199
2756,12413,2813,78.2,43.3,2471,33,0,22,0,16,271,1563
2760,12414,9979,107.8,46.6,8531,985,190,116,3,75,79,5510
2792,12423,1050,100.4,45.1,968,52,0,14,0,16,0,641
2804,12428,6885,104.8,40.1,4729,468,10,254,0,592,832,3359
2812,12430,1119,95.3,52.2,955,0,3,35,0,91,35,1103
2816,12431,1120,83.3,43.8,1072,0,48,0,0,0,0,725
2836,12436,94,0,0,94,0,0,0,0,0,0,503
2840,12438,31,121.4,35.5,8,0,0,14,0,0,9,118
2848,12440,1997,94.8,52.6,1774,155,5,31,0,1,31,1089
2856,12442,675,71.3,59,675,0,0,0,0,0,0,1510
2860,12443,3317,89.9,52.1,3116,105,9,14,0,8,65,1704
2868,12446,5063,92.9,44.3,4247,142,11,4,0,240,419,2791
2876,12449,3436,93.6,48.4,2537,289,13,48,0,316,233,1316
2884,12451,1531,112.3,40.5,1415,5,0,0,0,111,0,602
2896,12454,366,88.7,35.1,366,0,0,0,0,0,0,318
2900,12455,1755,72.1,56.7,1638,13,0,21,0,23,60,1881
2904,12456,1123,130.1,33.4,1076,47,0,0,0,0,0,367
2908,12457,1070,91.1,51.4,983,9,0,13,0,0,65,599
2912,12458,2778,175.3,48.2,1821,408,23,35,0,207,284,1261
2924,12461,1654,93.7,56.1,1319,2,0,97,95,0,141,1025
2928,12463,1895,80.8,37.7,1438,17,40,30,0,50,320,871
2940,12466,2241,105,51.2,2049,2,0,52,0,103,35,1062
2960,12472,1464,113.7,47.9,1361,42,0,24,0,0,37,793
2968,12474,1035,106.2,52.7,997,38,0,0,0,0,0,893
2976,12477,18060,90.1,47.5,16947,171,44,79,0,281,538,9133
2984,12481,1650,112.6,42.9,1566,0,24,21,0,0,39,691
2996,12484,2612,104.1,52,2202,0,0,225,0,41,144,1378
3000,12485,1256,116.6,49.7,1239,0,0,17,0,0,0,1161
3004,12486,1623,101.4,40.5,1477,100,0,23,0,0,23,694
3008,12487,3370,91.8,41.2,3046,63,0,7,0,143,111,1394
3012,12489,1149,560.3,42.8,519,379,19,6,0,120,106,235
3016,12490,27,107.7,0,27,0,0,0,0,0,0,14
3020,12491,1478,90.5,48.1,1364,6,0,0,0,3,105,718
3028,12493,128,54.2,53.1,106,6,0,0,0,8,8,229
3040,12496,1456,98.1,53.9,1412,0,0,6,0,6,32,2270
3044,12498,5045,99.5,55,4509,218,0,152,0,34,132,3355
3048,12501,2645,86.8,39.2,2168,77,0,14,0,207,179,1103
3052,12502,1138,113.5,51.3,1047,51,0,19,0,0,21,779
3060,12504,1494,81.8,19.7,1115,74,15,183,0,24,83,56
3068,12508,19825,102.6,40.3,13803,3634,136,394,13,888,957,8232
3080,12514,2807,106.5,53.6,2525,66,0,113,0,51,52,1440
3084,12515,1453,128.1,50,1354,63,0,0,0,36,0,561
3088,12516,1747,71.6,52.8,1654,0,0,38,0,0,55,1113
3096,12518,5732,77.5,44.3,5134,147,0,123,0,154,174,2679
3100,12520,2932,75.6,41.9,2789,27,0,63,19,34,0,1075
3104,12521,1349,115.8,56,1316,1,0,8,0,6,18,1322
3108,12522,4659,94.1,48.9,4293,22,0,57,0,282,5,2164
3112,12523,1626,111.4,47.1,1529,21,0,44,0,0,32,942
3116,12524,15934,111.8,43.4,12242,1561,28,1107,12,493,491,6348
3120,12525,2956,98.1,39.3,2809,0,0,0,0,85,62,1371
3124,12526,3622,102.6,51.9,3430,44,0,34,0,20,94,1973
3128,12527,0,0,0,0,0,0,0,0,0,0,0
3132,12528,12797,98.2,47.9,11316,623,2,199,0,367,290,5836
3136,12529,2453,105.8,52.4,2429,0,3,0,0,0,21,1807
3140,12530,61,190.5,61.7,61,0,0,0,0,0,0,40
3144,12531,3171,101.2,48.2,2939,22,0,38,0,0,172,1333
3148,12533,25426,99.7,43,21517,1321,119,1122,0,416,931,9784
3152,12534,18007,97.7,46,14042,1966,4,796,0,373,826,9229
3156,12538,14081,93.1,38.9,11476,967,31,694,8,577,328,5437
3160,12540,8248,109.8,43.7,7371,216,5,323,0,140,193,2950
3164,12542,5622,93.4,46.8,5185,211,0,93,0,33,100,2531
3168,12543,3535,82.8,37.8,2733,608,16,55,0,32,91,1536
3172,12545,4674,98,51,4003,248,10,101,0,218,94,2556
3176,12546,2885,93.4,44.6,2550,119,0,67,0,82,67,1661
3180,12547,2855,87.7,42.2,2702,47,0,20,0,48,38,1261
3184,12548,1306,107.6,51.2,1116,135,0,0,0,55,0,573
3188,12549,10915,96.8,42.7,9223,729,0,127,26,526,284,4074
3192,12550,55149,94.2,36.4,30433,11767,94,1122,67,9230,2436,22789
3196,12553,26674,103.5,38.5,18718,3566,46,1287,29,2105,923,10402
3200,12561,18713,79.6,33,16169,939,97,619,0,511,378,7324
3204,12563,8431,107.3,40.8,6931,730,47,146,18,402,157,2771
3208,12564,7549,99.3,44.9,6496,358,0,146,5,369,175,3170
3212,12565,1123,74.9,39.6,1042,24,0,19,0,0,38,643
3216,12566,11571,89.7,39.7,10671,446,0,0,0,246,208,4456
3220,12567,2633,90.2,47.7,2549,14,0,21,14,27,8,1482
3224,12569,10047,84.9,44.6,8795,312,0,181,0,361,398,4266
3228,12570,6827,97.9,46.1,6174,292,26,141,0,67,127,2560
3232,12571,9984,98.8,44.7,9093,303,20,236,0,123,209,4527
3236,12572,8892,85.8,54.9,8132,210,0,238,0,216,96,4284
3244,12575,2308,144.8,42.4,1921,226,0,0,0,161,0,880
3248,12577,1783,98.6,40.5,1512,210,0,0,0,14,47,611
3252,12578,2123,99.7,48.4,1968,18,0,44,0,0,93,930
3256,12580,4479,100.5,48.5,4094,117,0,55,4,19,190,1837
3260,12581,2358,111.1,49.3,2177,1,76,36,0,17,51,1341
3264,12582,6423,189.6,46.4,4363,1289,30,124,0,472,145,1531
3268,12583,2269,110.9,44.4,2147,8,0,49,0,42,23,1016
3276,12586,12246,90.7,35.5,10116,1261,0,124,8,523,214,4561
3280,12589,16882,117.7,39.3,13032,1960,34,362,0,928,566,5213
3284,12590,34910,100.1,42.4,27726,2108,52,1886,32,2155,951,13938
3288,12592,1453,90.2,42.2,1344,86,0,23,0,0,0,673
3292,12594,4332,99.6,41.2,3772,200,0,13,0,298,49,1885
3296,12601,41392,95.6,34.8,22906,11959,93,967,5,2491,2971,17937
3300,12603,42540,93.2,43,32646,5208,291,1876,62,1192,1265,16866
3308,12701,11526,110.5,39.4,6465,2280,74,351,0,1051,1305,6403
3312,12719,1145,102.3,49.6,1087,35,6,9,0,8,0,775
3320,12721,6387,107.7,38.2,5396,152,216,59,5,364,195,2718
3328,12723,1625,87.9,44.6,1256,160,5,22,0,118,64,1228
3340,12726,1222,103.3,49.1,1016,78,0,2,0,76,50,951
3344,12729,1797,93.2,44.9,1409,332,0,22,0,0,34,739
3352,12733,1367,181.3,34.4,894,186,6,36,0,176,69,1259
3360,12736,46,360,51.5,46,0,0,0,0,0,0,144
3364,12737,1963,118.4,40.3,1819,32,0,31,0,13,68,1337
3372,12740,2035,112.6,42.6,1863,69,0,0,0,89,14,1204
3396,12747,2035,70.2,41.4,1507,103,0,293,0,21,111,915
3400,12748,2215,115.5,50.3,2098,25,0,23,0,42,27,1326
3404,12749,227,99.1,30,227,0,0,0,0,0,0,386
3412,12751,1152,122.8,27.6,873,92,0,23,0,24,140,560
3420,12754,6602,100.2,40.5,4782,806,0,108,0,775,131,3388
3424,12758,3835,115.4,50.4,3027,80,0,26,0,265,437,3254
3428,12759,2058,87.4,24.9,1438,175,0,6,0,426,13,1334
3444,12764,1650,100.7,51.5,1497,55,12,49,0,12,25,1435
3472,12771,14788,94.5,42.4,12149,628,292,557,0,460,702,6442
3476,12775,1845,101.6,41.2,1523,194,0,74,0,12,42,1419
3480,12776,2078,118.7,49.4,1992,22,4,5,0,7,48,2159
3484,12777,1005,109.8,55.4,967,25,6,5,0,0,2,622
3488,12778,627,141.2,47.3,599,0,0,17,0,0,11,1117
3492,12779,1930,107.3,45,1179,375,0,0,0,336,40,1672
3496,12780,2206,108.3,44.2,2068,65,0,0,0,0,73,1070
3504,12783,2048,126.5,36.9,1818,134,17,24,0,37,18,1303
3524,12788,2980,139.4,44.8,1997,531,15,14,0,232,191,1505
3528,12789,2081,94.3,32.8,1625,133,0,0,0,63,260,1815
3532,12790,4058,98,45.5,3694,115,0,62,0,152,35,2674
3544,12801,14358,92.9,38.1,13270,251,8,202,36,76,515,7278
3548,12803,8357,91.3,40.2,8201,1,46,0,0,2,107,3894
3552,12804,26187,95,46.4,25162,322,149,348,0,38,168,12399
3560,12809,3612,89.7,48.4,3539,9,12,8,0,18,26,1884
3576,12814,1284,104.8,58.9,1165,61,0,0,0,58,0,1718
3580,12815,1065,93.6,54.6,1022,0,0,0,0,0,43,1159
3584,12816,4371,95.8,50.9,4144,81,13,71,0,13,49,2576
3588,12817,1905,106.2,57,1892,3,0,10,0,0,0,2072
3596,12821,2869,1520.9,36.8,1076,1459,12,15,0,172,135,131
3600,12822,6060,111.1,42.8,5915,42,0,0,0,0,103,2954
3604,12823,227,58.7,55.1,227,0,0,0,0,0,0,111
3608,12824,1036,132.8,54.6,1025,11,0,0,0,0,0,1056
3612,12827,3622,109,41.6,3428,80,0,58,7,0,49,1716
3616,12828,9481,98.5,44.5,9346,11,7,0,0,17,100,4199
3620,12831,16517,96.4,40.3,15972,120,0,144,0,65,216,6338
3624,12832,6502,81.4,49,6280,2,60,79,0,7,74,3396
3628,12833,4134,102.3,48.8,3888,22,21,52,0,0,151,1867
3632,12834,6665,98.7,43.6,6511,20,0,67,0,0,67,2910
3636,12835,2456,101,55.7,2376,18,0,0,0,0,62,3020
3644,12837,1142,110.3,38.2,1136,0,0,0,0,2,4,458
3652,12839,12838,111.4,37.7,11989,262,67,24,0,218,278,5961
3660,12842,797,74,62.5,762,3,0,3,0,0,29,1533
3672,12845,4570,102,52.6,4383,66,15,40,0,7,59,3763
3676,12846,3249,96.2,50.2,3231,11,0,0,0,0,7,2203
3680,12847,375,93.3,58.5,356,14,5,0,0,0,0,1387
3688,12850,2887,113.5,41.1,2818,41,0,9,0,0,19,1369
3700,12853,1836,104.2,52.4,1730,10,0,26,0,0,70,1288
3720,12859,2617,89.8,37.2,2617,0,0,0,0,0,0,1001
3732,12862,0,0,0,0,0,0,0,0,0,0,0
3740,12864,22,100,49.8,22,0,0,0,0,0,0,174
3744,12865,3551,103.6,47.3,3454,26,9,8,0,18,36,1914
3748,12866,39689,97.5,43.8,36538,929,77,1318,0,192,635,20445
3752,12870,1816,102.2,48.3,1807,2,1,0,0,0,6,1931
3756,12871,4418,97.5,39.1,4320,51,0,18,0,6,23,1857
3760,12872,40,48.1,49.4,40,0,0,0,0,0,0,60
3776,12883,4845,88.9,47.3,4743,16,0,22,0,9,55,2735
3784,12885,4410,102.5,47.1,4302,67,0,3,0,0,38,2709
3792,12887,4745,88.1,42,4649,8,6,0,0,31,51,2132
3796,12901,33312,92.9,35.1,30404,1097,78,748,12,378,595,15095
3800,12903,1283,84.3,55.4,1150,22,0,51,0,16,44,729
3804,12910,2183,175.6,37.7,1734,238,3,21,0,98,89,823
3808,12911,0,0,0,0,0,0,0,0,0,0,0
3812,12912,2209,86.9,40.4,2179,0,0,0,0,0,30,1215
3816,12913,1104,96.8,47.9,1092,0,0,0,0,5,7,706
3824,12916,2108,107.9,48.7,2000,15,53,3,0,0,37,1068
3828,12917,1378,103.5,42.1,1271,48,0,1,0,9,49,580
3832,12918,2210,98.6,40.6,2084,22,28,0,0,76,0,990
3836,12919,2974,91.3,31.7,2939,0,6,12,0,6,11,1265
3840,12920,2285,99.6,47.2,2221,19,3,5,0,9,28,1476
3844,12921,2734,91.3,41.5,2573,12,0,13,0,80,56,1276
3860,12926,2304,92.6,43,2210,17,68,0,0,0,9,1096
3868,12928,1988,114.5,47.3,1955,2,4,1,0,26,0,1191
3872,12929,3982,1050.9,37,1646,1748,0,8,0,556,24,387
3880,12932,1157,88.7,59.1,1093,19,0,0,0,3,42,792
3888,12934,1007,106.4,45.8,994,1,0,9,0,0,3,460
3892,12935,1551,90.1,46.6,1504,6,0,0,0,3,38,917
3900,12937,2014,117.5,32.6,1254,74,435,2,0,20,229,770
3908,12941,1242,100.6,49,1192,29,1,0,0,5,15,966
3920,12944,3764,95.5,47.1,3630,29,26,1,3,19,56,2253
3928,12946,4746,85.9,36.6,4535,68,11,23,4,15,90,3672
3940,12953,15374,164.4,36.4,12087,2242,20,84,2,797,142,5596
3948,12956,1538,102.4,38.2,1396,93,0,0,0,34,15,635
3952,12957,1723,111.9,41.8,1701,0,22,0,0,0,0,791
3956,12958,1881,95.9,49.3,1815,0,0,0,0,32,34,1073
3960,12959,1454,72.3,44.5,1454,0,0,0,0,0,0,706
3968,12961,264,116.4,57.5,182,0,0,0,0,64,18,174
3972,12962,5256,93.2,49.4,5048,40,8,117,0,7,36,2331
3984,12966,2858,104.7,38.3,2793,0,50,7,0,3,5,1359
3988,12967,1094,108.4,40.5,1060,3,6,3,0,8,14,468
4000,12972,5983,104.8,42.8,5752,36,0,62,0,106,27,2558
4008,12974,1529,99.9,54.3,1412,7,18,0,0,3,89,831
4020,12977,1874,4964.9,33.5,647,872,0,0,0,240,115,70
4028,12979,2356,102.6,45.3,2271,8,10,26,3,4,34,1217
4032,12980,1321,109.4,47.1,1300,0,6,0,0,1,14,1297
4036,12981,2341,100.9,51.5,2310,0,0,31,0,0,0,1303
4040,12983,7463,112.2,42.7,6945,301,96,0,0,56,65,4948
4044,12985,1328,105.6,38.9,1243,0,53,0,0,0,32,568
4048,12986,5941,99.6,45.2,5579,97,20,18,0,152,75,3901
4052,12987,198,90.4,58.4,196,0,0,0,0,0,2,121
4060,12992,4197,103,40,4113,7,0,21,0,1,55,2014
4064,12993,1330,108.8,58.1,1306,8,2,2,0,0,12,1257
4068,12996,2119,119.1,53,1970,5,2,9,0,48,85,1740
4072,12997,1069,111.7,51,1012,2,16,3,0,1,35,834
4084,13021,37841,94.9,42.6,34388,1514,50,271,0,281,1337,18741
4088,13024,1709,0,39,471,1136,7,0,0,50,45,0
4092,13026,1677,106.5,35.2,1468,25,12,13,0,91,68,884
4096,13027,33049,99.8,43.8,31472,549,108,291,52,29,548,14657
4100,13028,1229,93.5,41.8,1196,0,0,0,0,0,33,816
4104,13029,7168,95.5,40.9,6947,0,27,127,0,0,67,3073
4108,13030,3518,118.9,45.9,3415,0,0,5,0,0,98,1704
4112,13031,15080,94.4,43.8,14200,208,11,360,0,10,291,6476
4116,13032,12208,95.6,43.3,11691,32,134,18,0,0,333,5754
4120,13033,3774,111.5,39.3,3707,11,0,4,0,6,46,1652
4124,13034,2021,87,41.7,1942,12,4,14,5,12,32,1103
4128,13035,8422,99.6,46.3,7994,225,44,84,0,38,37,3612
4132,13036,9064,105,43,8828,86,22,16,0,21,91,4162
4136,13037,9787,107.1,43.6,9354,168,70,6,0,71,118,3970
4140,13039,17028,93,42.7,16194,285,25,268,0,0,256,7152
4144,13040,2337,108.1,45.9,2253,11,18,2,0,19,34,1335
4148,13041,11409,90.5,41,9852,966,18,231,0,9,333,4597
4152,13042,2224,108.2,46.7,2213,0,0,1,0,0,10,1195
4156,13044,2595,106.4,49,2541,0,0,0,0,0,54,1201
4160,13045,28916,93.6,31.7,26901,869,28,260,0,165,693,12251
4164,13051,157,127.5,51.5,157,0,0,0,0,0,0,88
4168,13052,1541,108.2,44,1521,5,6,4,0,0,5,1048
4172,13053,5006,88,36.1,4566,140,5,120,0,65,110,1923
4176,13054,1775,95.3,43.8,1753,0,0,0,0,0,22,776
4180,13057,13643,93,48.1,12767,127,15,315,9,194,216,6641
4184,13060,2912,80.6,48.2,2699,25,6,35,0,6,141,1285
4188,13061,1087,124.6,51.1,1006,59,0,0,0,22,0,764
4192,13062,41,70.8,42.4,41,0,0,0,0,0,0,38
4196,13063,1934,102.3,46.9,1845,0,8,30,0,51,0,789
4204,13066,12525,95.1,46.2,11246,266,0,327,0,32,654,5413
4208,13068,5231,100.1,38.5,4925,67,7,47,0,0,185,2274
4212,13069,24166,94.6,38.9,23282,194,56,55,0,214,365,10582
4224,13073,6534,107.3,41.6,6057,99,10,142,0,63,163,2885
4228,13074,4050,91.8,43.6,4005,1,4,9,2,8,21,1760
4232,13076,2397,110.3,44.3,2277,0,0,20,0,0,100,924
4236,13077,7015,90.6,44.8,6876,3,0,80,7,0,49,3026
4240,13078,10889,99.1,44.3,8750,576,78,1038,0,18,429,4192
4244,13080,3210,88,45.4,3040,5,15,0,0,32,118,1704
4248,13081,1102,89.3,49.1,1090,5,0,0,0,0,7,692
4252,13082,4258,84.9,50.3,4167,4,21,43,0,0,23,1871
4256,13083,2029,109,44.2,2001,2,6,5,0,0,15,919
4260,13084,3659,98.3,47.1,3496,39,34,0,4,0,86,1599
4268,13088,21917,84.2,43.8,19774,754,88,456,0,84,761,10651
4272,13090,29869,98,38,25847,1517,63,784,10,130,1518,12807
4276,13092,2626,108.9,43.5,2588,0,3,0,0,26,9,1191
4280,13101,2311,107.5,38,2175,9,0,0,0,67,60,1018
4292,13104,16052,105.1,43.8,14307,140,38,1221,0,44,302,6634
4296,13108,6095,99.5,46.8,5883,64,0,65,0,7,76,2582
4300,13110,2081,99.7,52.4,2049,0,5,6,0,0,21,1186
4304,13111,1706,111.7,45.5,1688,0,0,0,0,0,18,742
4308,13112,1673,109.1,50.9,1666,7,0,0,0,0,0,730
4316,13114,6350,104.3,37.3,6128,46,3,51,0,21,101,2800
4324,13116,3468,94.1,40.8,2831,123,0,20,0,432,62,1583
4332,13118,6159,130.7,43.5,5436,530,0,28,0,55,110,2924
4336,13120,2109,81.7,38.4,1401,393,247,43,0,0,25,838
4340,13122,1239,81.4,39.2,1230,9,0,0,0,0,0,470
4344,13123,451,44.6,18,451,0,0,0,0,0,0,128
4352,13126,35833,98.1,36,33066,928,58,542,29,277,933,15651
4356,13131,3611,112.4,42.9,3487,16,1,46,0,0,61,1503
4360,13132,3541,106.1,45.6,3370,37,0,58,0,31,45,1570
4364,13134,216,109.7,41.6,193,0,0,0,0,0,23,65
4368,13135,6392,98.8,41.2,6123,1,16,70,0,0,182,2857
4376,13138,56,194.7,54.5,56,0,0,0,0,0,0,19
4380,13140,4571,101.9,43.4,4448,10,0,21,0,17,75,2045
4388,13142,6522,100.6,41.6,6409,18,0,3,0,0,92,3314
4392,13143,2681,108.3,40.2,2540,103,0,24,0,0,14,1224
4396,13144,1774,102.5,32.6,1733,15,3,0,0,15,8,907
4400,13145,1457,101,50,1430,5,0,0,1,0,21,1086
4404,13146,2462,96.6,38.7,2217,22,17,24,0,13,169,947
4408,13147,1104,111.9,40.1,1061,0,0,0,0,35,8,467
4412,13148,10535,98,40.8,9845,261,65,206,0,84,74,5113
4416,13152,8025,95,52.4,7870,11,25,27,22,0,70,4524
4428,13156,1870,111.8,46.6,1849,10,3,0,0,0,8,1287
4436,13158,1569,107.5,48.1,1561,0,0,3,0,0,5,736
4440,13159,5290,102.9,45.2,5135,34,48,28,0,0,45,2384
4444,13160,1812,94.8,47.9,1716,13,2,6,0,3,72,934
4456,13164,2797,90.8,35.9,2668,0,0,71,0,0,58,945
4460,13165,10376,88,46,9911,116,25,55,0,49,220,4789
4464,13166,5616,104.1,44.5,5456,27,3,48,0,28,54,2498
4468,13167,3067,103.5,41.9,2979,0,0,14,0,0,74,1379
4472,13202,6787,110.3,27.3,2494,3310,62,385,0,204,332,3009
4476,13203,16513,89.3,36.8,9448,3586,340,1315,8,378,1438,8678
4480,13204,18741,92.4,31.9,11287,5467,211,237,0,545,994,10224
4484,13205,17212,85.4,39.2,6889,8141,256,448,2,427,1049,8789
4488,13206,16723,96.8,37.5,12192,2875,252,527,10,135,732,8806
4492,13207,12597,84.9,36.7,6248,5390,144,155,0,126,534,6236
4496,13208,22833,95,32.9,11878,5694,16,3365,22,530,1328,10456
4500,13209,12713,85.5,42.7,11203,455,21,94,14,114,812,5928
4504,13210,27916,87.9,21.3,17029,5617,197,3092,0,638,1343,9739
4508,13211,5861,85.1,36.6,5267,242,0,80,0,12,260,2709
4512,13212,21269,89.8,42.7,19200,933,65,364,0,59,648,9409
4516,13214,8439,95.9,35.6,6421,998,48,474,0,326,172,3280
4520,13215,14952,87.8,43.8,13515,582,53,260,9,51,482,5917
4524,13219,15107,94.9,43.3,13951,545,35,231,0,79,266,6655
4528,13224,8369,91.9,41.6,4676,2870,32,222,0,288,281,4129
4532,13290,0,0,0,0,0,0,0,0,0,0,0
4540,13302,1826,114.8,38.1,1773,1,5,2,0,14,31,1004
4544,13303,1065,99.4,49.5,1042,3,6,0,0,1,13,542
4548,13304,1617,95.8,50.2,1555,5,0,19,0,0,38,836
4556,13308,3543,93.7,40.2,3467,0,12,9,0,0,55,1605
4560,13309,5748,93.4,42.7,5533,26,11,25,6,15,132,2691
4580,13315,1481,105.7,43.2,1450,0,0,16,0,0,15,765
4584,13316,6000,86.6,51.9,5878,38,12,14,0,0,58,3174
4588,13317,3926,91.5,38.4,3736,10,47,27,0,11,95,1664
4592,13318,1443,102.1,47.5,1441,0,2,0,0,0,0,601
4600,13320,2037,94.2,42.9,2025,5,0,0,0,0,7,1129
4612,13323,11282,89.9,39.7,10353,255,21,231,16,134,272,4476
4616,13324,2351,89.7,42.2,2317,14,4,4,0,0,12,1601
4620,13325,1059,96.1,44.7,1050,0,0,0,0,9,0,689
4624,13326,5419,94.6,51.2,4866,142,2,191,0,55,163,3419
4628,13327,2038,101,42.8,2017,0,1,20,0,0,0,1233
4632,13328,1526,101.9,43.5,1514,5,0,0,0,0,7,650
4636,13329,4227,104.1,41.3,4097,7,31,8,0,6,78,1870
4644,13332,2782,91.5,39.7,2682,7,20,1,0,39,33,1280
4652,13334,1065,114.3,37.7,1061,0,0,0,0,0,4,760
4656,13335,1370,116.8,45,1285,39,0,17,0,17,12,684
4664,13338,1110,112.2,55.3,1063,11,19,0,0,6,11,1540
4668,13339,6528,101.5,37,6090,52,0,18,0,143,225,2744
4672,13340,8097,93.2,43.6,7839,63,0,4,14,81,96,3553
4684,13343,1675,107,51.3,1675,0,0,0,0,0,0,1298
4692,13346,6241,77.7,22.8,5341,263,0,368,0,63,206,2369
4696,13348,1411,121.5,46.5,1356,27,0,5,0,0,23,859
4700,13350,9786,97.2,51.3,9188,196,31,91,12,56,212,5021
4704,13352,11,0,0,11,0,0,0,0,0,0,44
4712,13354,3811,129.3,43.9,3773,0,0,4,0,0,34,1553
4720,13357,10786,99.4,40.1,9959,319,6,152,71,74,205,4912
4724,13360,133,189.1,55.8,133,0,0,0,0,0,0,1019
4736,13363,2453,90.9,48.3,2413,40,0,0,0,0,0,1043
4744,13365,8339,96.8,41.6,8149,48,6,16,0,37,83,4135
4748,13367,8767,98.4,40.4,8391,95,58,43,24,96,60,4272
4752,13368,1062,89.3,40.9,1025,11,0,0,0,0,26,603
4756,13402,1659,189.5,47.2,1642,3,0,6,0,1,7,895
4760,13403,7302,192.3,39.1,6243,816,28,24,0,100,91,1866
4772,13407,5023,89.8,45.5,4706,106,0,69,0,2,140,2325
4776,13408,3845,87.5,22.8,3300,322,0,96,0,53,74,1265
4780,13409,2437,106,41.5,2232,61,6,0,0,17,121,1024
4788,13411,3152,102.1,46.4,3080,0,6,18,0,0,48,1659
4792,13413,15777,85.4,47.4,14548,298,51,598,11,17,254,7127
4800,13416,2189,93.5,44.5,2139,8,0,0,0,0,42,1050
4804,13417,3362,79.2,45.3,3164,0,0,82,0,0,116,1882
4812,13420,864,91.6,59.8,827,37,0,0,0,0,0,2830
4816,13421,13149,90.6,42.8,12560,195,38,57,79,0,220,6042
4820,13424,2338,124.4,42.6,2096,185,0,39,0,0,18,979
4824,13425,2318,113.1,42.1,2225,53,0,19,0,3,18,1009
4828,13428,1615,97.7,37.6,1528,16,0,40,0,15,16,767
4832,13431,1811,99.4,41.3,1703,10,50,0,0,2,46,763
4836,13433,1791,101.7,38,1784,6,0,1,0,0,0,805
4852,13438,3392,100.6,50.6,3337,27,9,2,0,1,16,2190
4856,13439,3518,102.3,44.8,3469,19,4,18,0,0,8,2383
4860,13440,41014,104.2,40.5,36900,2245,27,494,0,323,1025,18579
4864,13441,184,206.7,26,118,53,0,0,0,13,0,103
4872,13452,4618,99.6,40.6,4497,53,4,27,0,22,15,2125
4880,13456,4005,87.4,44.2,3857,10,17,66,0,4,51,1731
4884,13459,2557,94,43.2,2442,2,3,84,0,1,25,1254
4888,13460,4414,101.5,39.8,4204,22,5,26,2,0,155,2151
4892,13461,3000,97.4,48.5,2884,43,3,12,0,1,57,1237
4896,13464,1373,101.9,48.1,1346,17,0,0,0,4,6,667
4904,13469,1131,87.3,53.2,1119,12,0,0,0,0,0,468
4912,13471,3291,101.2,37.7,3185,19,0,8,0,4,75,1495
4924,13475,16,60,16.7,16,0,0,0,0,0,0,16
4928,13476,4150,104,38.8,3890,177,9,25,0,10,39,1623
4936,13478,3009,113.4,46.5,2954,10,0,23,0,0,22,1333
4940,13480,3372,95.1,47.5,3318,23,0,10,0,0,21,1652
4948,13484,322,87.2,15.9,322,0,0,0,0,0,0,106
4952,13485,1029,108.7,49.2,1020,5,0,0,0,0,4,618
4968,13490,1753,120.8,38.4,1630,0,0,47,0,0,76,654
4972,13491,3606,101.9,42.6,3550,6,4,20,1,7,18,1635
4976,13492,11154,86.2,44.9,10535,21,22,313,7,232,24,5224
4980,13493,1804,107.4,44.5,1749,2,8,3,0,0,42,944
4988,13495,2059,111.4,35.3,1972,13,0,16,0,0,58,917
4992,13501,36920,96.1,33.8,21921,4771,175,6100,30,1689,2234,17133
4996,13502,33314,102.8,36.3,25065,4497,116,1087,0,712,1837,15094
5000,13601,37548,108,33.1,31721,2797,273,774,31,318,1634,17934
5004,13602,3968,849.3,21.6,2324,772,74,180,60,265,293,104
5008,13603,9501,113.5,23.2,6625,1349,51,255,144,331,746,3589
5012,13605,5014,96.6,36.5,4895,7,13,9,0,8,82,2328
5016,13606,2512,105.7,47,2484,2,0,0,0,0,26,1060
5020,13607,1322,103.7,55.2,1263,44,0,8,0,0,7,1746
5024,13608,1607,99.4,39.2,1546,2,5,0,0,0,54,683
5028,13612,2386,110.2,44.5,2242,10,0,80,0,16,38,1184
5032,13613,2708,101.3,37.8,2613,11,23,3,0,11,47,1293
5044,13616,1722,88.6,33.1,1059,221,0,335,0,14,93,775
5048,13617,11137,95.5,29.8,10074,442,39,246,0,134,202,3874
5052,13618,1590,86.4,54.1,1551,7,5,13,0,6,8,2444
5056,13619,10400,97.5,33.3,9585,294,7,76,14,111,313,4778
5060,13620,2267,88.8,34.9,2171,7,0,5,0,44,40,807
5068,13622,2410,86.7,44.6,2271,28,13,10,0,0,88,1426
5076,13624,5305,137.5,44.2,4516,406,35,17,0,103,228,3737
5080,13625,1778,95.4,50.1,1766,1,0,0,2,2,7,1151
5084,13626,2172,104.1,39.6,2074,11,4,20,0,2,61,1251
5092,13630,1448,106,37.5,1419,7,5,0,0,0,17,623
5100,13634,4064,102.2,42.4,3991,41,0,0,0,0,32,2252
5104,13635,1210,97.1,40.2,1183,0,0,0,0,2,25,586
5112,13637,4318,117.3,27.3,3053,621,34,145,0,139,326,1949
5116,13638,254,78.9,33.2,254,0,0,0,0,0,0,146
5132,13642,9909,129.9,44.2,8842,543,49,21,0,197,257,4418
5136,13643,43,53.6,2.4,43,0,0,0,0,0,0,13
5140,13646,2014,102,50.8,1949,11,4,10,0,0,40,2832
5148,13648,2121,103.6,45.2,2085,1,11,4,0,0,20,1696
5152,13650,1567,107,47.1,1420,5,0,3,0,8,131,1541
5160,13652,1548,100.3,44.7,1536,0,0,0,9,1,2,891
5164,13654,2578,111.8,33,2540,15,9,2,0,0,12,1108
5168,13655,3444,75,44.4,392,5,2797,117,84,0,49,1445
5172,13656,3133,105.8,30.1,2946,158,9,0,0,0,20,1074
5176,13658,2320,89.9,43.7,2278,6,2,0,0,22,12,1026
5184,13660,1697,103,36.6,1648,5,6,9,0,0,29,717
5188,13661,1521,90.8,37.9,1496,3,16,0,0,0,6,1083
5192,13662,16267,88.9,42.2,15288,13,314,168,0,32,452,7697
5208,13667,2898,79.7,33.5,2820,47,19,0,0,8,4,1418
5212,13668,3138,96.7,44.8,3002,16,44,17,4,0,55,1588
5216,13669,15908,113.8,43,14151,820,122,122,38,331,324,7274
5228,13673,2142,103,33.5,1993,67,14,16,0,0,52,999
5240,13676,16637,108.8,25.2,14782,674,77,424,6,333,341,6135
5244,13677,39,178.6,52.3,39,0,0,0,0,0,0,61
5252,13679,1851,92.2,39.9,1845,0,0,0,0,0,6,1531
5256,13680,1702,93,29.5,1630,12,0,0,0,0,60,578
5260,13681,1053,92.9,28.9,1032,1,0,3,1,0,16,418
5268,13684,1006,137.8,41.5,992,0,6,2,0,0,6,746
5272,13685,2460,81.3,36.4,2339,35,0,15,0,6,65,1693
5284,13691,3074,104.3,38,2924,20,15,18,0,8,89,2072
5292,13693,439,105.1,54.7,439,0,0,0,0,0,0,1192
5296,13694,1244,92.3,52,1222,0,0,0,0,0,22,692
5304,13696,94,154.1,33.6,94,0,0,0,0,0,0,37
5308,13697,2047,111.2,41.7,2005,0,10,18,0,0,14,961
5312,13730,2687,112.9,50.5,2612,36,7,21,0,0,11,1595
5316,13731,923,96,59.5,873,0,5,7,0,0,38,1298
5320,13732,7799,102.1,45.8,7453,57,0,73,0,51,165,3284
5324,13733,4811,107.6,42.5,4668,9,7,2,0,32,93,2617
5328,13734,1817,90.3,42.6,1812,2,0,1,0,1,1,827
5332,13736,2283,94.6,40.2,2258,0,0,5,0,0,20,978
5344,13743,3551,103.4,45.8,3540,3,0,0,0,0,8,1807
5348,13744,1142,102.1,45.5,1126,1,0,0,1,0,14,555
5352,13746,1954,104.2,56.5,1834,13,44,7,0,0,56,1034
5356,13748,3876,118.1,43,3653,17,0,0,0,206,0,1818
5364,13751,180,53.8,29.9,180,0,0,0,0,0,0,73
5372,13753,5651,102.3,30.8,4923,343,2,117,2,73,191,2270
5376,13754,3147,91.4,48.6,2998,28,7,31,11,3,69,2293
5380,13755,1127,105.7,51.9,1105,0,10,0,0,0,12,941
5388,13757,1338,95.3,46.3,1338,0,0,0,0,0,0,741
5392,13760,42372,92.3,43.9,38304,2052,55,885,0,264,812,21046
5396,13774,154,136.9,28,154,0,0,0,0,0,0,189
5400,13775,1829,112.2,50,1822,4,0,0,0,0,3,1003
5412,13778,5486,93.8,46.5,5354,17,0,19,0,16,80,2831
5424,13783,2634,107.2,51.3,2469,65,0,0,0,28,72,2168
5436,13787,3342,90.2,54.2,3219,2,39,18,0,14,50,1879
5444,13790,17964,95.3,36.8,14225,1332,95,1396,14,168,734,8793
5448,13794,67,148.1,30.1,67,0,0,0,0,0,0,36
5452,13795,2878,88.2,49.5,2662,216,0,0,0,0,0,1414
5456,13796,1362,104.2,46.5,1341,19,0,0,0,2,0,705
5460,13797,2220,90.1,40.9,2199,4,0,0,0,0,17,915
5464,13801,1428,127.4,49.3,1337,12,37,10,0,3,29,1107
5472,13803,4243,99.6,36.5,4119,35,13,16,0,4,56,1678
5484,13807,1163,84.6,51.6,1104,24,0,15,0,1,19,692
5488,13808,1544,89,39.4,1484,0,0,8,0,8,44,783
5492,13809,1531,132,45.5,1531,0,0,0,0,0,0,883
5496,13810,1210,89.4,47.1,1192,0,0,9,6,3,0,665
5500,13811,4243,118.6,39.7,4062,35,83,14,0,10,39,1848
5504,13812,2386,99.2,43.6,2327,0,0,16,0,2,41,1029
5512,13815,12930,88.7,41.3,12208,246,39,131,8,37,261,6479
5516,13820,22070,83.1,29.5,19735,936,58,474,0,243,624,9363
5520,13825,2914,94.5,48.9,2835,10,0,17,0,0,52,1455
5524,13826,15,0,0,15,0,0,0,0,0,0,64
5528,13827,11452,95.1,48.7,10983,89,12,160,0,0,208,5659
5532,13830,5077,111.4,45.8,4887,73,9,6,0,46,56,2863
5540,13833,3728,101.8,41.5,3616,0,0,25,0,0,87,1758
5548,13835,1132,94.5,44.9,1103,0,19,0,0,0,10,588
5552,13838,4099,117.2,43.3,3738,26,0,13,0,141,181,2248
5556,13839,1171,112.1,52,1109,9,0,5,0,0,48,810
5568,13843,2015,95.3,49.9,1944,0,0,0,0,29,42,1120
5576,13845,123,105,0,123,0,0,0,0,0,0,63
5584,13847,98,100,27.5,98,0,0,0,0,0,0,32
5588,13849,4502,99.3,44.8,4362,14,14,0,0,79,33,2439
5592,13850,22351,98.5,43.9,18709,912,0,2315,13,81,321,9969
5596,13856,6089,101.2,45.8,6023,51,1,0,0,2,12,3998
5604,13860,27,285.7,24.1,27,0,0,0,0,0,0,7
5612,13862,4290,107,42,4142,32,0,7,7,26,76,1932
5624,13865,6297,101,43,6215,28,0,19,0,0,35,3063
5628,13901,19230,94.3,39.6,16369,1140,69,359,0,298,995,9640
5632,13902,6130,106.2,19.5,4496,320,0,1027,0,61,226,8
5636,13903,18258,96.5,40,14880,1586,25,277,13,389,1088,8465
5640,13904,10347,96.3,38.9,8720,903,0,286,0,254,184,4254
5644,13905,25890,96.9,37,20022,2349,65,1771,16,298,1369,13253
5648,14001,9522,105.7,45.5,9195,57,12,40,0,66,152,4443
5652,14004,12332,118.7,42.6,10987,1114,70,65,19,30,47,4348
5656,14005,1838,103.8,42.8,1802,4,0,0,0,17,15,674
5660,14006,9605,102.6,48.6,9208,129,77,0,0,43,148,5121
5664,14008,1415,98.7,46.9,1409,4,0,2,0,0,0,621
5668,14009,5491,95.3,42.3,5292,85,0,53,0,25,36,2673
5672,14011,9198,164.8,38.7,7511,1265,53,10,0,231,128,2947
5676,14012,2334,103.3,43.4,2266,0,12,34,0,3,19,1068
5680,14013,1703,122,43.3,1267,18,371,14,0,0,33,769
5684,14020,22707,98.4,43.1,20382,747,22,309,0,482,765,10547
5688,14024,1552,114.1,42,1512,0,0,27,0,0,13,823
5692,14025,3475,106.5,48.9,3446,7,0,0,0,15,7,1539
5700,14028,1776,103,44.2,1720,5,30,0,0,0,21,890
5704,14030,1800,112.8,47.7,1785,3,7,0,0,3,2,811
5708,14031,10468,107.5,46.7,9998,165,0,91,0,0,214,4466
5712,14032,9083,100.8,42.3,8888,11,0,83,0,0,101,3285
5716,14033,1677,73.6,49.9,1642,27,0,8,0,0,0,917
5720,14034,2716,202.1,44.8,2046,447,21,4,0,151,47,844
5724,14035,105,110,34.4,105,0,0,0,0,0,0,30
5728,14036,4836,99.6,50.5,4554,50,48,4,0,7,173,2318
5732,14037,1107,108.9,43.8,1101,0,0,0,0,6,0,478
5740,14040,1921,83.3,37.9,1918,0,3,0,0,0,0,742
5744,14041,195,146.8,34.4,195,0,0,0,0,0,0,146
5748,14042,4181,106,40.6,4047,0,0,51,0,62,21,2015
5752,14043,24538,96.9,44.2,22948,835,67,164,0,145,379,11530
5756,14047,6549,102.9,44.9,6447,41,0,0,0,26,35,2805
5760,14048,14283,94.1,43,12479,621,104,82,7,583,407,7277
5764,14051,20219,96.4,46.8,17258,548,0,1956,0,57,400,8382
5768,14052,16672,95,48.6,16196,121,21,102,0,8,224,7306
5772,14054,1593,101.6,37.7,1344,35,11,0,0,183,20,683
5776,14055,1331,116.1,47.6,1306,0,0,0,0,0,25,653
5780,14057,8022,98.8,46,7791,1,0,83,0,89,58,3346
5784,14058,1994,104.5,40.5,1693,24,0,0,0,180,97,882
5788,14059,9860,88.9,48.8,9739,2,38,44,0,0,37,4259
5800,14062,3046,103.2,49.7,2911,60,16,18,10,7,24,1480
5804,14063,14302,96.5,34,12686,501,92,173,19,414,417,5837
5808,14065,1637,83.9,44,1585,0,2,13,0,0,37,776
5812,14066,1260,97.5,47.4,1224,22,13,0,0,1,0,627
5816,14067,5076,79,43.4,4781,96,10,9,0,94,86,2028
5820,14068,6731,77.4,53,6085,126,0,356,0,94,70,2873
5828,14070,6894,155.8,41.5,5107,693,531,18,2,337,206,2540
5832,14072,21047,99.8,43.7,19736,455,19,355,0,263,219,9106
5836,14075,42780,86.1,46.5,41376,519,125,277,14,122,347,19424
5840,14080,4313,115.5,46,4207,37,0,8,0,0,61,1993
5844,14081,3123,94.7,50.3,1850,46,907,44,5,15,256,1652
5852,14085,7178,100.1,41,7071,24,0,54,0,12,17,2726
5856,14086,32585,98.8,43.9,31676,389,28,263,0,87,142,13713
5860,14091,1149,106.7,37.8,739,19,386,0,0,5,0,463
5864,14092,10922,89.3,51.3,9930,132,350,298,0,72,140,5060
5868,14094,49257,99.6,42,44006,2663,116,500,0,524,1448,23079
5872,14098,3102,101.8,38.9,2951,28,30,0,0,18,75,1761
5876,14101,1910,103.6,45.1,1894,0,6,0,0,0,10,1120
5880,14102,1255,117.1,44.9,1213,0,42,0,0,0,0,455
5884,14103,10519,93.9,42.6,9385,423,30,106,0,292,283,4975
5888,14105,4591,96.2,43.3,4434,49,15,2,0,50,41,1934
5892,14108,5689,89.8,46.5,5489,53,51,0,0,9,87,2368
5896,14109,1082,76.8,19.6,839,58,14,29,0,80,62,0
5900,14111,3425,107.7,40.4,3247,35,51,30,0,7,55,1436
5912,14120,44119,98.5,45.9,42306,469,110,336,10,156,732,20260
5916,14125,3728,108,41.6,3569,47,17,12,0,20,63,1568
5924,14127,30191,98.2,45.8,29203,205,18,488,0,174,103,12646
5928,14129,1530,89.4,45.1,1205,6,296,10,0,3,10,607
5936,14131,4969,111.8,50.2,4752,58,0,37,0,17,105,2251
5940,14132,5632,96.6,45.5,4916,28,473,63,0,36,116,2423
5952,14136,4667,83.5,43.3,4485,44,41,0,0,15,82,2419
5956,14138,1879,119.5,39.1,1823,14,11,0,0,15,16,893
5960,14139,2193,121.3,42.6,2062,1,0,114,0,2,14,951
5964,14141,7480,92.6,45,7325,31,82,23,0,0,19,3644
5968,14143,1013,120.7,43.8,859,22,5,15,0,0,112,574
5972,14145,1847,95.7,42.7,1693,10,58,0,0,86,0,774
5976,14150,40850,90.6,45.5,37243,1181,136,671,0,400,1219,20172
5980,14167,1761,144.6,43.5,1702,10,0,0,0,10,39,830
5984,14168,30,100,14.3,30,0,0,0,0,0,0,6
5992,14170,2944,81.5,47.1,2944,0,0,0,0,0,0,1325
5996,14171,1918,101.9,46.7,1745,15,21,0,0,0,137,990
6000,14172,3002,80.6,45.4,2922,26,5,6,0,3,40,1618
6004,14173,281,83.7,41.8,281,0,0,0,0,0,0,127
6008,14174,5597,113.5,45.6,5399,41,23,19,0,47,68,2674
6012,14201,11935,88.7,32.8,5925,2887,49,247,0,2209,618,6612
6016,14202,3385,144.1,36.1,2257,728,30,48,0,255,67,2393
6020,14203,1733,75.2,32.9,687,747,4,111,0,142,42,1229
6024,14204,8643,81,40.4,1913,6087,0,109,2,343,189,5303
6028,14206,20310,97.8,40.5,15499,2630,216,453,0,816,696,10461
6032,14207,23275,83.6,30.7,11821,3779,88,2736,0,2741,2110,10699
6036,14208,10574,82.8,30.8,1406,8432,16,495,5,137,83,5654
6040,14209,7736,101.1,33.5,4029,3046,30,263,0,212,156,4397
6044,14210,14249,97.4,35.1,11464,1321,300,183,0,418,563,7111
6048,14211,22495,82.4,34.1,3386,15725,93,1824,0,469,998,12085
6052,14212,10715,92.1,34.3,4626,3675,58,1424,0,514,418,6029
6056,14213,23113,110.3,29.6,10420,4930,209,3097,0,2962,1495,11027
6060,14214,19492,101.8,31,9973,6317,97,1847,57,607,594,9048
6064,14215,41435,78.2,31.8,6138,31471,34,1229,33,920,1610,18774
6068,14216,22289,93.5,35.5,16223,3213,64,529,0,1418,842,11520
6072,14217,22975,85.8,44,20779,1225,70,243,7,90,561,11653
6076,14218,18952,92.4,37.5,15110,2045,59,130,29,622,957,8888
6080,14219,12000,93.1,40.8,11532,85,49,0,0,170,164,5879
6084,14220,22623,96.2,36.9,20401,594,29,193,47,684,675,10577
6088,14221,53948,88.6,47.1,46753,1738,93,4229,0,360,775,24486
6092,14222,14114,99,31.4,10133,2351,33,722,0,561,314,7876
6096,14223,22225,92,40.6,20006,1389,44,196,0,296,294,10323
6100,14224,40815,92.1,46.1,39716,399,36,192,8,119,345,18831
6104,14225,33091,88.8,38.3,26500,4752,32,601,0,358,848,15951
6108,14226,30644,86.4,36.6,23387,3529,184,1928,24,218,1374,13553
6112,14227,21497,93.7,48.9,19857,953,19,501,0,45,122,10753
6116,14228,21839,99.8,33.9,16416,1716,144,2747,33,240,543,10277
6120,14261,5702,113.5,19.5,3210,753,0,1188,4,289,258,4
6124,14301,12704,87,36,7250,3972,132,105,19,132,1094,7440
6132,14303,5582,99.6,34.4,3781,987,202,192,14,44,362,3483
6136,14304,29262,95.8,45.8,26245,861,396,576,19,211,954,14056
6140,14305,16767,79.7,36.6,10397,5283,135,124,0,205,623,8508
6144,14411,13776,102.2,40.2,11323,1662,21,67,0,240,463,5572
6148,14414,7017,101.5,45.1,6738,7,34,125,0,16,97,3202
6156,14416,3535,105.8,45,3341,27,1,19,0,32,115,1470
6160,14418,1176,88.5,56.1,1176,0,0,0,0,0,0,891
6164,14420,21006,92.5,30.9,19002,788,6,404,10,399,397,7602
6168,14422,2221,85.2,45.8,2146,22,6,21,0,0,26,965
6172,14423,4559,89.8,41.4,4201,90,0,87,0,56,125,1974
6176,14424,27880,95,47,26571,409,107,155,23,289,326,13895
6180,14425,12049,87.7,36.4,11096,526,65,140,13,38,171,5009
6184,14427,1943,102.2,43.1,1844,0,0,0,0,6,93,1009
6188,14428,7208,98.8,46.4,7064,70,0,16,0,0,58,2992
6192,14432,5875,96.7,46,5796,19,0,3,0,9,48,2459
6196,14433,4141,106.7,39.3,3996,62,3,1,0,20,59,1739
6200,14435,2773,96.8,49.2,2702,40,7,4,0,0,20,1674
6204,14437,11220,139.5,42.3,9748,891,38,16,0,314,213,4491
6212,14445,7716,103,35.3,6761,394,119,39,12,71,320,3651
6216,14450,41546,93.4,46.9,38478,613,71,1549,12,158,665,18222
6220,14454,11206,82.5,21.8,10292,327,12,325,0,83,167,3777
6224,14456,19473,96,36.6,15475,1505,117,842,0,851,683,8554
6232,14464,7462,100.8,40,7226,124,0,7,0,6,99,2964
6236,14466,1576,127.7,55.5,1531,0,0,0,0,31,14,810
6240,14467,10098,100.3,42.6,7815,1281,14,628,0,186,174,4173
6244,14468,17913,98,42.3,17148,562,0,34,0,44,125,7375
6248,14469,5983,98,49,5911,30,0,0,0,11,31,2845
6252,14470,7406,98.9,47.2,7011,145,22,77,0,0,151,3347
6256,14471,2458,106.2,50.6,2335,36,0,5,0,0,82,1916
6260,14472,8713,101.3,45.8,8496,52,0,64,0,0,101,3530
6268,14476,2250,102.3,45.8,2210,10,12,0,0,8,10,1070
6272,14477,1411,108.1,47.5,1366,21,13,0,0,0,11,683
6276,14478,1501,74.7,20.3,1333,37,29,51,0,51,0,570
6288,14481,1699,104.7,47.1,1616,8,12,17,0,0,46,835
6292,14482,8303,102.4,38.8,7962,183,6,47,0,0,105,3641
6296,14485,4010,97.4,43.1,3784,21,0,75,0,83,47,1845
6304,14487,6159,93.3,44.2,5784,10,15,92,30,0,228,2733
6308,14489,7113,92.6,45.5,6391,454,3,28,0,49,188,3163
6312,14502,10733,94.9,42.3,10199,105,0,246,8,14,161,4466
6316,14504,1839,99,38.1,1802,3,5,0,0,0,29,818
6320,14505,5002,99,43.7,4660,126,0,0,0,21,195,2208
6324,14506,1317,93.1,49.4,1306,0,11,0,0,0,0,616
6328,14507,1157,86.9,44.6,1079,35,0,8,0,4,31,869
6332,14510,4929,106,45.5,4472,277,9,0,0,114,57,2364
6340,14512,4418,94.4,50.6,4316,14,0,34,6,5,43,2662
6344,14513,13938,90.8,43.8,12281,665,55,157,31,293,456,6149
6348,14514,6724,84.9,42.8,5947,380,7,51,15,0,324,2757
6352,14516,2392,100.8,43.6,2247,60,0,16,0,55,14,1056
6356,14517,2931,99.5,45.3,2789,54,0,86,0,0,2,1317
6360,14519,11723,99.8,44.1,11193,170,3,138,0,42,177,5311
6364,14521,2405,102.3,37.7,2311,34,13,0,0,24,23,1289
6368,14522,9005,99.4,47.2,8691,61,5,39,0,72,137,4228
6372,14525,2424,99.7,45.7,2298,37,19,0,0,61,9,1048
6376,14526,19973,83.9,45.9,18048,591,32,855,0,60,387,8693
6380,14527,12745,89.2,43.1,12361,128,14,89,0,10,143,6969
6388,14530,5306,104.8,41.1,4728,142,18,38,0,154,226,2824
6392,14532,4273,97.7,41.7,4236,3,0,10,0,11,13,1883
6396,14533,2206,115.2,36.7,2061,9,0,3,0,114,19,879
6400,14534,31615,95.2,45.9,27479,537,0,2461,25,134,979,12325
6408,14537,147,86.1,39.3,147,0,0,0,0,0,0,59
6416,14541,4075,239.3,35.7,2809,1013,27,0,3,120,103,1289
6424,14543,3203,118,50.2,3058,75,0,36,0,0,34,1264
6428,14544,1954,97.6,44.2,1901,7,4,0,0,0,42,1224
6436,14546,4702,102.1,41.6,4421,198,0,36,0,14,33,2293
6440,14548,3826,100.6,48.1,3631,25,13,0,0,137,20,1682
6448,14550,1491,90.2,41.1,1378,27,42,16,0,0,28,767
6452,14551,5152,109.8,46.1,4593,340,16,35,5,51,112,2585
6456,14555,1004,109.2,59.8,944,24,0,0,0,12,24,993
6460,14559,18930,95.9,42.8,18265,273,5,97,0,77,213,7436
6464,14560,2176,104.9,44.2,2151,4,0,0,0,15,6,1136
6468,14561,3014,106.3,38.6,3000,4,0,10,0,0,0,1267
6472,14564,15082,93,43.1,14139,154,81,295,0,78,335,6420
6476,14568,6232,100.4,40.1,5932,8,0,20,0,226,46,2384
6480,14569,5896,94.8,44.1,5505,96,0,19,0,49,227,2743
6484,14571,1350,124.6,47,1232,94,8,0,0,16,0,770
6488,14572,4640,92,48.1,4506,35,14,0,0,18,67,2501
6492,14580,52585,91.7,45.7,48271,1334,43,1696,0,344,897,22782
6500,14586,11875,92.6,35.8,8515,1335,24,1614,0,150,237,4510
6508,14589,7605,97.2,40.9,6915,218,31,3,61,187,190,3395
6512,14590,5316,103.4,43.3,5027,173,20,18,0,19,59,3318
6516,14591,1592,121.4,42.1,1582,0,0,0,0,1,9,686
6520,14592,64,39.1,63.2,64,0,0,0,0,0,0,27
6524,14604,2364,112,44.3,1401,763,0,59,0,40,101,2230
6528,14605,11932,80.3,27.5,3959,6248,93,270,15,801,546,5246
6532,14606,28296,95.1,36.2,17750,6388,747,1619,0,609,1183,12564
6536,14607,16521,98.3,30.5,13818,1680,6,504,0,212,301,10525
6540,14608,11542,89.5,30.5,3512,6809,141,332,0,239,509,6339
6544,14609,41168,91.4,35.5,22285,14307,155,405,8,2245,1763,19686
6548,14610,13760,89.3,45.5,12014,676,15,425,0,200,430,7401
6552,14611,16962,89.3,30.5,4704,10954,117,112,0,375,700,8107
6556,14612,34116,97.6,44.9,29276,2596,73,640,0,811,720,15670
6560,14613,15381,105.1,28.9,5878,7175,5,922,144,341,916,6142
6564,14614,1215,887.8,29.9,490,683,9,9,0,17,7,97
6568,14615,16963,96.6,35.5,11048,4133,9,789,0,355,629,7728
6572,14616,26948,83.6,41.2,22230,2738,85,600,6,241,1048,12377
6576,14617,22774,90.4,44.1,20493,1245,55,288,0,144,549,10141
6580,14618,22597,82.6,38.8,18855,998,60,1780,27,117,760,8722
6584,14619,13642,84.6,34.4,3147,9789,121,47,0,75,463,6203
6588,14620,23835,103.5,32.6,17382,3259,74,2100,0,351,669,12409
6592,14621,33066,84.7,33.5,13205,14320,624,539,0,2569,1809,14749
6596,14622,11939,95,47,10258,695,21,155,16,549,245,5848
6600,14623,25893,102.8,27,18275,2945,137,3566,0,363,607,9294
6604,14624,36570,92.8,43.2,30111,4239,96,773,0,329,1022,15128
6608,14625,10262,94.2,49.7,9795,56,33,126,0,91,161,4828
6612,14626,30292,92.1,46.7,25265,2272,32,1095,0,345,1283,13303
6616,14627,2348,118.4,19.4,1691,215,0,373,0,15,54,0
6620,14701,39214,94.2,41,35281,1322,48,160,20,1264,1119,19741
6624,14706,6163,83,47.2,5804,56,91,87,0,28,97,2975
6636,14709,1389,119.1,47.6,1331,4,0,31,0,4,19,944
6640,14710,3443,109.2,48.4,3382,0,0,38,0,9,14,2301
6644,14711,1814,113.2,33.8,1730,2,6,16,0,10,50,1054
6648,14712,3044,103.3,50.9,2993,42,0,0,9,0,0,2249
6656,14715,2733,97.5,39.8,2686,4,23,7,0,0,13,1430
6660,14716,2623,137.6,34.2,2068,262,48,15,0,223,7,990
6664,14717,509,130.3,57.8,489,0,16,0,0,0,4,1002
6668,14718,2041,118.5,45.2,1771,175,3,26,0,46,20,944
6672,14719,3459,99.3,44.9,3307,14,16,4,0,69,49,1826
6684,14722,244,105,19.7,159,34,0,8,0,20,23,1245
6688,14723,1109,102.7,37.5,1099,2,0,2,0,0,6,656
6692,14724,2405,107,35.1,2351,0,0,6,0,34,14,1531
6696,14726,1892,108.6,25.1,1879,0,2,0,0,0,11,801
6700,14727,5386,101.6,46.5,5280,4,15,16,0,4,67,3528
6712,14731,1125,95,53.2,1085,0,13,0,0,1,26,2684
6720,14733,3646,99.2,35.8,3565,31,0,1,12,15,22,1756
6724,14735,2981,95,42.2,2944,0,20,0,0,12,5,1679
6732,14737,4322,106,44.7,4192,6,31,2,0,18,73,2612
6736,14738,3252,92.7,52.8,3218,34,0,0,0,0,0,1878
6740,14739,2740,103.7,43.1,2641,30,0,23,0,0,46,1773
6744,14740,1105,97.7,59.9,1091,0,0,0,0,0,14,628
6748,14741,1900,107,45.6,1845,0,5,7,0,0,43,1289
6756,14743,1784,97.8,44.6,1621,122,8,0,0,0,33,979
6760,14744,2175,86.9,20.9,1939,86,6,100,0,24,20,533
6764,14747,2243,106.9,43,2218,4,11,0,0,0,10,1114
6772,14750,4419,77.9,48.2,4271,8,0,37,0,28,75,2468
6780,14753,1082,101.1,48.8,1058,3,7,0,0,8,6,573
6788,14755,3011,107.2,42.9,2776,67,73,0,0,59,36,1655
6792,14756,28,180,0,28,0,0,0,0,0,0,202
6796,14757,3323,101.6,43.1,3153,102,3,0,5,57,3,2584
6800,14760,17640,96.9,44,16254,485,191,301,0,1,408,9280
6804,14767,2138,120.6,32.4,2074,0,0,2,0,48,14,825
6808,14769,1124,95.1,44,1115,2,0,0,0,0,7,551
6812,14770,2926,91.4,41.4,2854,0,10,14,0,11,37,1407
6816,14772,4075,99.3,39.1,3961,11,45,4,0,3,51,1906
6824,14775,2545,114.8,43.4,2453,18,6,5,0,33,30,1259
6832,14778,1354,110.6,19.7,1061,120,3,70,0,71,29,0
6836,14779,6606,91.6,36.1,4652,156,1258,37,0,112,391,3335
6840,14781,2089,96.2,39.4,2034,0,7,3,0,0,45,995
6844,14782,2270,96.7,39.6,2187,29,3,9,0,0,42,1101
6856,14787,4704,91.5,50.7,4561,0,0,121,0,22,0,2527
6860,14788,44,238.5,49.6,41,1,1,0,0,1,0,13
6864,14801,5328,109.8,39.5,5218,20,0,3,0,56,31,2433
6868,14802,4235,128.8,20.1,3453,371,20,204,0,113,74,500
6876,14804,1435,103.3,41.6,1352,3,0,51,6,0,23,915
6880,14805,1065,95.1,43.4,1038,23,0,0,0,0,4,510
6884,14806,2121,110.4,45.1,2114,0,0,0,0,2,5,1112
6888,14807,3138,101.2,41,3045,5,14,7,0,28,39,1470
6896,14809,2284,106.7,47.2,2179,15,0,8,3,53,26,1227
6900,14810,12067,97.9,47.4,11274,529,34,63,0,59,108,6159
6904,14812,3525,95.9,37.3,3371,5,13,8,0,32,96,1476
6908,14813,2351,108.2,43.4,2178,129,0,2,0,9,33,1341
6912,14814,1942,104.9,38,1931,11,0,0,0,0,0,740
6924,14817,2658,83.3,32.4,2153,113,0,65,0,0,327,1004
6928,14818,2176,103.7,52.5,2099,0,0,9,0,0,68,1217
6940,14821,3471,107.6,48.3,3408,7,9,35,0,2,10,1565
6948,14823,3624,107.4,44.6,3556,15,0,8,0,5,40,2022
6960,14826,1957,97.9,45.1,1869,15,0,0,0,2,71,1148
6968,14830,19521,91.2,39.8,18361,553,11,242,0,109,245,9494
6976,14837,5786,94.2,42.7,5593,57,4,15,0,46,71,3116
6980,14838,1917,109.3,48.2,1881,9,0,14,0,9,4,858
6988,14840,2631,104.9,57.9,2548,35,8,0,0,9,31,2967
6996,14842,1123,118.5,39,1123,0,0,0,0,0,0,628
7000,14843,12814,106.6,40.6,12086,146,16,172,0,53,341,6234
7004,14845,20011,92.8,45.8,18224,482,0,714,0,44,547,9171
7012,14847,2398,89.9,44.8,2259,21,5,14,5,5,89,1354
7016,14850,64221,96.1,27.7,47398,2679,161,9336,57,1323,3267,28053
7020,14853,2656,94,19.4,1879,350,13,143,0,179,92,0
7024,14854,12,0,0,12,0,0,0,0,0,0,12
7032,14856,300,33.9,23.4,300,0,0,0,0,0,0,137
7036,14858,1281,117.5,43.6,1258,0,0,2,0,0,21,622
7044,14860,1204,93.6,47.6,1186,9,3,4,0,2,0,925
7048,14861,1125,86.6,53.2,1125,0,0,0,0,0,0,653
7052,14864,1197,121.3,51,1118,0,0,2,0,49,28,590
7056,14865,2874,88,48,2804,49,0,0,0,13,8,1300
7060,14867,5676,114.4,43.6,5430,157,0,0,0,0,89,2576
7064,14869,1259,118.2,50.6,1231,4,0,0,0,0,24,547
7068,14870,9468,98.4,41.8,8193,226,0,818,0,34,197,4292
7072,14871,4980,110.4,51.6,4670,,4,2,0,23,97,2093
7080,14873,2574,106.7,42.1,2414,15,0,68,0,14,63,1748
7096,14879,1998,98,46.5,1859,10,3,43,0,11,72,1037
7100,14880,1640,96.2,45.2,1590,3,0,20,0,6,21,1056
7108,14882,4066,97.5,42.4,3776,19,0,84,0,36,151,1751
7112,14883,4726,106.7,39.5,4376,148,7,33,0,76,86,2153
7124,14886,6713,99.3,46.5,6459,80,28,14,0,0,132,3191
7128,14889,1539,99.9,39.9,1517,11,4,7,0,0,0,715
7132,14891,4276,98.4,44.8,4007,74,0,103,0,12,80,2177
7136,14892,8022,102,40.3,7771,75,0,42,5,0,129,3533
7140,14893,0,0,0,0,0,0,0,0,0,0,24
7144,14894,1246,96.5,45.3,1216,6,0,0,0,0,24,554
7148,14895,9144,90.8,47.9,8961,64,10,18,9,26,56,5106
7156,14898,2018,93.1,28.2,1992,0,0,0,0,0,26,809
7160,14901,15855,112.5,34.4,11797,2656,213,131,5,128,925,6328
7164,14903,7600,106.4,46,7219,101,0,54,0,24,202,3851
7168,14904,15176,92.1,36.3,13055,1304,24,28,0,134,631,7315
7172,14905,8407,80.8,43,7329,553,0,146,7,167,205,4288
